Workbook

Sheet Rules
C1: Men | H1: Women | L1: Competition Rules
C2: PAR | D2: CR | E2: Slope | H2: PAR | I2: CR | J2: Slope
B3: Yellow | C3: 72 | D3: 79 | E3: 136 | G3: Yellow | H3: 72 | I3: 72.7 | J3: 124
B4: White | C4: 72 | D4: 71.6 | E4: 119 | G4: White | H4: 72 | I4: 77.7 | J4: 137
B5: Blue | C5: 72 | D5: 68.7 | E5: 116 | G5: Blue | H5: 72 | I5: 75 | J5: 130
B6: Red | C6: 72 | D6: 67 | E6: 111 | G6: Red | H6: 72 | I6: 72.7 | J6: 123
L8: Women | P8: Eclectic % of Handicap to Use
C9: Div A | H9: GOLD | L9: Div A | P9: 25
C10: HI Range | D10: -100 | E10: 6 | H10: HI Range | I10: -999 | J10: 6.5 | L10: HI Range | M10: =IF($L$8="Men",D10,I10) -> -999 | N10: =IF($L$8="Men",E10,J10) -> 6.5
D11: Handicap % | E11: 25 | I11: Handicap % | J11: 100 | M11: Handicap % | N11: =IF($L$8="Men",E11,J11) -> 100
C12: White | D12: Par | E12: =VLOOKUP(C12,$B$3:$E$6,2,FALSE) -> 72 | H12: Red | I12: Par | J12: =VLOOKUP(H12,$G$3:$J$6,2,FALSE) -> 72 | L12: =IF($L$8="Men",C12,H12) -> Red | M12: Par | N12: =IF($L$8="Men",E12,J12) -> 72
C13: =C12 -> White | D13: CR | E13: =VLOOKUP(C13,$B$3:$E$6,3,FALSE) -> 71.6 | H13: =H12 -> Red | I13: CR | J13: =VLOOKUP(H13,$G$3:$J$6,3,FALSE) -> 72.7 | L13: =IF($L$8="Men",C13,H13) -> Red | M13: CR | N13: =IF($L$8="Men",E13,J13) -> 72.7
C14: =C12 -> White | D14: Slope | E14: =VLOOKUP(C14,$B$3:$E$6,4,FALSE) -> 119 | H14: =H12 -> Red | I14: Slope | J14: =VLOOKUP(H14,$G$3:$J$6,4,FALSE) -> 123 | L14: =IF($L$8="Men",C14,H14) -> Red | M14: Slope | N14: =IF($L$8="Men",E14,J14) -> 123
C16: Div B | H16: SILVER | L16: Div B
C17: HI Range | D17: 6.1 | E17: 14.9 | H17: HI Range | I17: 6.6 | J17: 15.3 | L17: HI Range | M17: =IF($L$8="Men",D17,I17) -> 6.6 | N17: =IF($L$8="Men",E17,J17) -> 15.3
D18: Handicap % | E18: 100 | I18: Handicap % | J18: 100 | M18: Handicap % | N18: =IF($L$8="Men",E18,J18) -> 100
C19: Yellow | D19: Par | E19: =VLOOKUP(C19,$B$3:$E$6,2,FALSE) -> 72 | H19: Red | I19: Par | J19: =VLOOKUP(H19,$G$3:$J$6,2,FALSE) -> 72 | L19: =IF($L$8="Men",C19,H19) -> Red | M19: Par | N19: =IF($L$8="Men",E19,J19) -> 72
C20: =C19 -> Yellow | D20: CR | E20: =VLOOKUP(C20,$B$3:$E$6,3,FALSE) -> 79 | H20: =H19 -> Red | I20: CR | J20: =VLOOKUP(H20,$G$3:$J$6,3,FALSE) -> 72.7 | L20: =IF($L$8="Men",C20,H20) -> Red | M20: CR | N20: =IF($L$8="Men",E20,J20) -> 72.7
C21: =C19 -> Yellow | D21: Slope | E21: =VLOOKUP(C21,$B$3:$E$6,4,FALSE) -> 136 | H21: =H19 -> Red | I21: Slope | J21: =VLOOKUP(H21,$G$3:$J$6,4,FALSE) -> 123 | L21: =IF($L$8="Men",C21,H21) -> Red | M21: Slope | N21: =IF($L$8="Men",E21,J21) -> 123
C23: Div C | H23: Div C | L23: Div C
C24: HI Range | D24: 15 | E24: 1000 | H24: HI Range | I24: 15.4 | J24: 10001 | L24: HI Range | M24: =IF($L$8="Men",D24,I24) -> 15.4 | N24: =IF($L$8="Men",E24,J24) -> 10001
D25: Handicap % | E25: 100 | I25: Handicap % | J25: 100 | M25: Handicap % | N25: =IF($L$8="Men",E25,J25) -> 100
C26: Yellow | D26: Par | E26: =VLOOKUP(C26,$B$3:$E$6,2,FALSE) -> 72 | H26: Red | I26: Par | J26: =VLOOKUP(H26,$G$3:$J$6,2,FALSE) -> 72 | L26: =IF($L$8="Men",C26,H26) -> Red | M26: Par | N26: =IF($L$8="Men",E26,J26) -> 72
C27: =C26 -> Yellow | D27: CR | E27: =VLOOKUP(C27,$B$3:$E$6,3,FALSE) -> 79 | H27: =H26 -> Red | I27: CR | J27: =VLOOKUP(H27,$G$3:$J$6,3,FALSE) -> 72.7 | L27: =IF($L$8="Men",C27,H27) -> Red | M27: CR | N27: =IF($L$8="Men",E27,J27) -> 72.7
C28: =C26 -> Yellow | D28: Slope | E28: =VLOOKUP(C28,$B$3:$E$6,4,FALSE) -> 136 | H28: =H26 -> Red | I28: Slope | J28: =VLOOKUP(H28,$G$3:$J$6,4,FALSE) -> 123 | L28: =IF($L$8="Men",C28,H28) -> Red | M28: Slope | N28: =IF($L$8="Men",E28,J28) -> 123
C30: Div D | H30: Div D | L30: Div D
C31: Any Handicap - Blue Tee's | H31: Any Handicap - Blue Tee's | L31: Any Handicap - Blue Tee's
D32: Handicap % | E32: 100 | I32: Handicap % | J32: 100 | M32: Handicap % | N32: =IF($L$8="Men",E32,J32) -> 100
C33: Blue | D33: Par | E33: =VLOOKUP(C33,$B$3:$E$6,2,FALSE) -> 72 | H33: Red | I33: Par | J33: =VLOOKUP(H33,$G$3:$J$6,2,FALSE) -> 72 | L33: =IF($L$8="Men",C33,H33) -> Red | M33: Par | N33: =IF($L$8="Men",E33,J33) -> 72
C34: =C33 -> Blue | D34: CR | E34: =VLOOKUP(C34,$B$3:$E$6,3,FALSE) -> 68.7 | H34: =H33 -> Red | I34: CR | J34: =VLOOKUP(H34,$G$3:$J$6,3,FALSE) -> 72.7 | L34: =IF($L$8="Men",C34,H34) -> Red | M34: CR | N34: =IF($L$8="Men",E34,J34) -> 72.7
C35: =C33 -> Blue | D35: Slope | E35: =VLOOKUP(C35,$B$3:$E$6,4,FALSE) -> 116 | H35: =H33 -> Red | I35: Slope | J35: =VLOOKUP(H35,$G$3:$J$6,4,FALSE) -> 123 | L35: =IF($L$8="Men",C35,H35) -> Red | M35: Slope | N35: =IF($L$8="Men",E35,J35) -> 123
L37: Max Handicap | N37: 36

Sheet Players
A1: A Division | F1: B Division | K1: C Division
A2: First Name | B2: Last Name | C2: SA ID | D2: HI | F2: First Name | G2: Last Name | H2: SA ID | I2: HI | K2: First Name | L2: Last Name | M2: SA ID | N2: HI
A3: KAY | B3: DUNKLEY | C3: 2700149294 | D3: 14.2 | F3: KAY | G3: DUNKLEY | H3: 2700149294 | I3: 14.2 | K3: SHAY | L3: BROEDELET | M3: 2700181092 | N3: 25.4
A4: ALIDA | B4: HOOPER | C4: 2700180851 | D4: 13.4 | F4: ALIDA | G4: HOOPER | H4: 2700180851 | I4: 13.4 | K4: PREM | L4: GOVENDER | M4: 2700181058 | N4: 23.7
A5: SONJA | B5: HOPCROFT | C5: 2700333319 | D5: 11.4 | F5: SONJA | G5: HOPCROFT | H5: 2700333319 | I5: 11.4 | K5: RENE | L5: LADELL | M5: 2700093097 | N5: 33
A6: TARA | B6: SMITH | C6: 2700438384 | D6: 1 | F6: TARA | G6: SMITH | H6: 2700438384 | I6: 1 | K6: ANGELA | L6: MASEFIELD | M6: 2700191557 | N6: 19.5
A7: ANITA | B7: VAN DER LINDE | C7: 2700227060 | D7: 13.9 | F7: ANITA | G7: VAN DER LINDE | H7: 2700227060 | I7: 13.9 | K7: FIFI | L7: NARAN | M7: 2700110837 | N7: 22.5
A8: SHAY | B8: BROEDELET | C8: 2700181092 | D8: 25.4 | K8: JANIS | L8: NEL | M8: 2700223146 | N8: 18
A9: PREM | B9: GOVENDER | C9: 2700181058 | D9: 23.7 | K9: MELISSA | L9: PALMER | M9: 2700307743 | N9: 17.9
A10: RENE | B10: LADELL | C10: 2700093097 | D10: 33 | K10: MELISSA | L10: SAVIO | M10: 2700290517 | N10: 23.9
A11: ANGELA | B11: MASEFIELD | C11: 2700191557 | D11: 19.5 | K11: GAIL | L11: SPEIRS | M11: 2700179246 | N11: 17.6
A12: FIFI | B12: NARAN | C12: 2700110837 | D12: 22.5 | K12: KAREN | L12: STOTT | M12: 2700116107 | N12: 17.6
A13: JANIS | B13: NEL | C13: 2700223146 | D13: 18 | K13: JUDY | L13: VAN DER VEEN | M13: 2700269173 | N13: 19.8
A14: MELISSA | B14: PALMER | C14: 2700307743 | D14: 17.9
A15: MELISSA | B15: SAVIO | C15: 2700290517 | D15: 23.9
A16: GAIL | B16: SPEIRS | C16: 2700179246 | D16: 17.6
A17: KAREN | B17: STOTT | C17: 2700116107 | D17: 17.6
A18: JUDY | B18: VAN DER VEEN | C18: 2700269173 | D18: 19.8

Sheet Eclectic A
CD2: Gross of best for each day less 25% of Playing Handicap
D3: DAY 1 | AA3: DAY 2 | AX3: Eclectic | CD3: A Div - Eclectic
A4: # | B4: Name | C4: HC | D4: 1 | E4: 2 | F4: 3 | G4: 4 | H4: 5 | I4: 6 | J4: 7 | K4: 8 | L4: 9 | M4: OUT | N4: 10 | O4: 11 | P4: 12 | Q4: 13 | R4: 14 | S4: 15 | T4: 16 | U4: 17 | V4: 18 | W4: IN | X4: GROSS | Y4: NET | AA4: 1 | AB4: 2 | AC4: 3 | AD4: 4 | AE4: 5 | AF4: 6 | AG4: 7 | AH4: 8 | AI4: 9 | AJ4: OUT | AK4: 10 | AL4: 11 | AM4: 12 | AN4: 13 | AO4: 14 | AP4: 15 | AQ4: 16 | AR4: 17 | AS4: 18 | AT4: IN | AU4: GROSS | AV4: NET | AX4: 1 | AY4: 2 | AZ4: 3 | BA4: 4 | BB4: 5 | BC4: 6 | BD4: 7 | BE4: 8 | BF4: 9 | BG4: OUT | BH4: 10 | BI4: 11 | BJ4: 12 | BK4: 13 | BL4: 14 | BM4: 15 | BN4: 16 | BO4: 17 | BP4: 18 | BQ4: IN | BR4: OUT | BS4: Gross | BT4: Net | BU4: Net RANK (no ties) | BV4: Net Rank with Ties | BW4: Name And Surname | BX4: HC | BY4: Net | CD4: Pos | CE4: Name | CF4: Net
A5: 1 | B5: ='A Div'!A5 & " " & 'A Div'!B5 -> KAY DUNKLEY | C5: ='A Div'!E5 -> 16 | D5: 6 | E5: 5 | F5: 6 | G5: 6 | H5: 5 | I5: 3 | J5: 6 | K5: 5 | L5: 5 | M5: =IF(COUNTIF(D5:L5,"<>"&"")=9,SUM(D5:L5),"-") -> 47 | N5: 7 | O5: 4 | P5: 4 | Q5: 4 | R5: 4 | S5: 5 | T5: 4 | U5: 5 | V5: 7 | W5: =IF(COUNTIF(N5:V5,"<>"&"")=9,SUM(N5:V5),"-") -> 44 | X5: =IF(AND(ISNUMBER(M5),ISNUMBER(W5)),M5+W5,"-") -> 91 | Y5: =IF(ISNUMBER(X5),X5-C5,"-") -> 75 | AA5: 5 | AB5: 4 | AC5: 5 | AD5: 5 | AE5: 7 | AF5: 4 | AG5: 5 | AH5: 5 | AI5: 5 | AJ5: =IF(COUNTIF(AA5:AI5,"<>"&"")=9,SUM(AA5:AI5),"-") -> 45 | AK5: 6 | AL5: 8 | AM5: 3 | AN5: 6 | AO5: 4 | AP5: 6 | AQ5: 4 | AR5: 6 | AS5: 7 | AT5: =IF(COUNTIF(AK5:AS5,"<>"&"")=9,SUM(AK5:AS5),"-") -> 50 | AU5: =IF(AND(ISNUMBER(AJ5),ISNUMBER(AT5)),AJ5+AT5,"-") -> 95 | AV5: =IF(ISNUMBER(AU5),AU5-C5,"-") -> 79 | AX5: =IF(AND(D5>0,AA5>0),MIN(D5,AA5),"-") -> 5 | AY5: =IF(AND(E5>0,AB5>0),MIN(E5,AB5),"-") -> 4 | AZ5: =IF(AND(F5>0,AC5>0),MIN(F5,AC5),"-") -> 5 | BA5: =IF(AND(G5>0,AD5>0),MIN(G5,AD5),"-") -> 5 | BB5: =IF(AND(H5>0,AE5>0),MIN(H5,AE5),"-") -> 5 | BC5: =IF(AND(I5>0,AF5>0),MIN(I5,AF5),"-") -> 3 | BD5: =IF(AND(J5>0,AG5>0),MIN(J5,AG5),"-") -> 5 | BE5: =IF(AND(K5>0,AH5>0),MIN(K5,AH5),"-") -> 5 | BF5: =IF(AND(L5>0,AI5>0),MIN(L5,AI5),"-") -> 5 | BG5: =IF(COUNTIF(AX5:BF5,"<>-")=9,SUM(AX5:BF5),"-") -> 42 | BH5: =IF(AND(N5>0,AK5>0),MIN(N5,AK5),"-") -> 6 | BI5: =IF(AND(O5>0,AL5>0),MIN(O5,AL5),"-") -> 4 | BJ5: =IF(AND(P5>0,AM5>0),MIN(P5,AM5),"-") -> 3 | BK5: =IF(AND(Q5>0,AN5>0),MIN(Q5,AN5),"-") -> 4 | BL5: =IF(AND(R5>0,AO5>0),MIN(R5,AO5),"-") -> 4 | BM5: =IF(AND(S5>0,AP5>0),MIN(S5,AP5),"-") -> 5 | BN5: =IF(AND(T5>0,AQ5>0),MIN(T5,AQ5),"-") -> 4 | BO5: =IF(AND(U5>0,AR5>0),MIN(U5,AR5),"-") -> 5 | BP5: =IF(AND(V5>0,AS5>0),MIN(V5,AS5),"-") -> 7 | BQ5: =IF(COUNTIF(BH5:BP5,"<>-")=9,SUM(BH5:BP5),"-") -> 42 | BR5: =BG5 -> 42 | BS5: =IF(COUNTIF(BQ5:BR5,"<>-")=2,SUM(BQ5:BR5),"-") -> 84 | BT5: =IF(ISNUMBER(BS5),BS5-(C5*Rules!$P$9/100),"-") -> 80 | BU5: =RANK($BT5,$BT$5:$BT$106,1)+COUNTIF(BT$5:BT5,BT5)-1 -> 4 | BV5: =RANK(BT5,$BT$5:$BT$215,1) -> 4 | BW5: =B5 -> KAY DUNKLEY | BX5: =C5 -> 16 | BY5: =BT5 -> 80 | CC5: 1 | CD5: =VLOOKUP(CC5,$BU$5:BY$215,2,FALSE) -> 1 | CE5: =VLOOKUP(CC5,$BU$5:BY$215,3,FALSE) -> TARA SMITH | CF5: =VLOOKUP(CC5,$BU$5:BY$215,5,FALSE) -> 70.5 | CL5: 1
A6: 2 | B6: ='A Div'!A6 & " " & 'A Div'!B6 -> ALIDA HOOPER | C6: ='A Div'!E6 -> 15 | D6: 5 | E6: 3 | F6: 6 | G6: 4 | H6: 5 | I6: 4 | J6: 4 | K6: 6 | L6: 5 | M6: =IF(COUNTIF(D6:L6,"<>"&"")=9,SUM(D6:L6),"-") -> 42 | N6: 6 | O6: 6 | P6: 6 | Q6: 8 | R6: 3 | S6: 6 | T6: 6 | U6: 7 | V6: 7 | W6: =IF(COUNTIF(N6:V6,"<>"&"")=9,SUM(N6:V6),"-") -> 55 | X6: =IF(AND(ISNUMBER(M6),ISNUMBER(W6)),M6+W6,"-") -> 97 | Y6: =IF(ISNUMBER(X6),X6-C6,"-") -> 82 | AA6: 4 | AB6: 4 | AC6: 5 | AD6: 5 | AE6: 6 | AF6: 4 | AG6: 6 | AH6: 5 | AI6: 5 | AJ6: =IF(COUNTIF(AA6:AI6,"<>"&"")=9,SUM(AA6:AI6),"-") -> 44 | AK6: 5 | AL6: 5 | AM6: 6 | AN6: 6 | AO6: 4 | AP6: 5 | AQ6: 4 | AR6: 6 | AS6: 6 | AT6: =IF(COUNTIF(AK6:AS6,"<>"&"")=9,SUM(AK6:AS6),"-") -> 47 | AU6: =IF(AND(ISNUMBER(AJ6),ISNUMBER(AT6)),AJ6+AT6,"-") -> 91 | AV6: =IF(ISNUMBER(AU6),AU6-C6,"-") -> 76 | AX6: =IF(AND(D6>0,AA6>0),MIN(D6,AA6),"-") -> 4 | AY6: =IF(AND(E6>0,AB6>0),MIN(E6,AB6),"-") -> 3 | AZ6: =IF(AND(F6>0,AC6>0),MIN(F6,AC6),"-") -> 5 | BA6: =IF(AND(G6>0,AD6>0),MIN(G6,AD6),"-") -> 4 | BB6: =IF(AND(H6>0,AE6>0),MIN(H6,AE6),"-") -> 5 | BC6: =IF(AND(I6>0,AF6>0),MIN(I6,AF6),"-") -> 4 | BD6: =IF(AND(J6>0,AG6>0),MIN(J6,AG6),"-") -> 4 | BE6: =IF(AND(K6>0,AH6>0),MIN(K6,AH6),"-") -> 5 | BF6: =IF(AND(L6>0,AI6>0),MIN(L6,AI6),"-") -> 5 | BG6: =IF(COUNTIF(AX6:BF6,"<>-")=9,SUM(AX6:BF6),"-") -> 39 | BH6: =IF(AND(N6>0,AK6>0),MIN(N6,AK6),"-") -> 5 | BI6: =IF(AND(O6>0,AL6>0),MIN(O6,AL6),"-") -> 5 | BJ6: =IF(AND(P6>0,AM6>0),MIN(P6,AM6),"-") -> 6 | BK6: =IF(AND(Q6>0,AN6>0),MIN(Q6,AN6),"-") -> 6 | BL6: =IF(AND(R6>0,AO6>0),MIN(R6,AO6),"-") -> 3 | BM6: =IF(AND(S6>0,AP6>0),MIN(S6,AP6),"-") -> 5 | BN6: =IF(AND(T6>0,AQ6>0),MIN(T6,AQ6),"-") -> 4 | BO6: =IF(AND(U6>0,AR6>0),MIN(U6,AR6),"-") -> 6 | BP6: =IF(AND(V6>0,AS6>0),MIN(V6,AS6),"-") -> 6 | BQ6: =IF(COUNTIF(BH6:BP6,"<>-")=9,SUM(BH6:BP6),"-") -> 46 | BR6: =BG6 -> 39 | BS6: =IF(COUNTIF(BQ6:BR6,"<>-")=2,SUM(BQ6:BR6),"-") -> 85 | BT6: =IF(ISNUMBER(BS6),BS6-(C6*Rules!$P$9/100),"-") -> 81.25 | BU6: =RANK($BT6,$BT$5:$BT$106,1)+COUNTIF(BT$5:BT6,BT6)-1 -> 9 | BV6: =RANK(BT6,$BT$5:$BT$215,1) -> 9 | BW6: =B6 -> ALIDA HOOPER | BX6: =C6 -> 15 | BY6: =BT6 -> 81.25 | CC6: 2 | CD6: =VLOOKUP(CC6,$BU$5:BY$215,2,FALSE) -> 2 | CE6: =VLOOKUP(CC6,$BU$5:BY$215,3,FALSE) -> MELISSA PALMER | CF6: =VLOOKUP(CC6,$BU$5:BY$215,5,FALSE) -> 78 | CL6: 1
A7: 3 | B7: ='A Div'!A7 & " " & 'A Div'!B7 -> SONJA HOPCROFT | C7: ='A Div'!E7 -> 13 | D7: 6 | E7: 3 | F7: 6 | G7: 4 | H7: 5 | I7: 6 | J7: 6 | K7: 5 | L7: 4 | M7: =IF(COUNTIF(D7:L7,"<>"&"")=9,SUM(D7:L7),"-") -> 45 | N7: 7 | O7: 5 | P7: 4 | Q7: 6 | R7: 3 | S7: 6 | T7: 5 | U7: 5 | V7: 7 | W7: =IF(COUNTIF(N7:V7,"<>"&"")=9,SUM(N7:V7),"-") -> 48 | X7: =IF(AND(ISNUMBER(M7),ISNUMBER(W7)),M7+W7,"-") -> 93 | Y7: =IF(ISNUMBER(X7),X7-C7,"-") -> 80 | AA7: 5 | AB7: 4 | AC7: 6 | AD7: 4 | AE7: 6 | AF7: 6 | AG7: 5 | AH7: 5 | AI7: 7 | AJ7: =IF(COUNTIF(AA7:AI7,"<>"&"")=9,SUM(AA7:AI7),"-") -> 48 | AK7: 5 | AL7: 7 | AM7: 3 | AN7: 5 | AO7: 5 | AP7: 6 | AQ7: 4 | AR7: 5 | AS7: 5 | AT7: =IF(COUNTIF(AK7:AS7,"<>"&"")=9,SUM(AK7:AS7),"-") -> 45 | AU7: =IF(AND(ISNUMBER(AJ7),ISNUMBER(AT7)),AJ7+AT7,"-") -> 93 | AV7: =IF(ISNUMBER(AU7),AU7-C7,"-") -> 80 | AX7: =IF(AND(D7>0,AA7>0),MIN(D7,AA7),"-") -> 5 | AY7: =IF(AND(E7>0,AB7>0),MIN(E7,AB7),"-") -> 3 | AZ7: =IF(AND(F7>0,AC7>0),MIN(F7,AC7),"-") -> 6 | BA7: =IF(AND(G7>0,AD7>0),MIN(G7,AD7),"-") -> 4 | BB7: =IF(AND(H7>0,AE7>0),MIN(H7,AE7),"-") -> 5 | BC7: =IF(AND(I7>0,AF7>0),MIN(I7,AF7),"-") -> 6 | BD7: =IF(AND(J7>0,AG7>0),MIN(J7,AG7),"-") -> 5 | BE7: =IF(AND(K7>0,AH7>0),MIN(K7,AH7),"-") -> 5 | BF7: =IF(AND(L7>0,AI7>0),MIN(L7,AI7),"-") -> 4 | BG7: =IF(COUNTIF(AX7:BF7,"<>-")=9,SUM(AX7:BF7),"-") -> 43 | BH7: =IF(AND(N7>0,AK7>0),MIN(N7,AK7),"-") -> 5 | BI7: =IF(AND(O7>0,AL7>0),MIN(O7,AL7),"-") -> 5 | BJ7: =IF(AND(P7>0,AM7>0),MIN(P7,AM7),"-") -> 3 | BK7: =IF(AND(Q7>0,AN7>0),MIN(Q7,AN7),"-") -> 5 | BL7: =IF(AND(R7>0,AO7>0),MIN(R7,AO7),"-") -> 3 | BM7: =IF(AND(S7>0,AP7>0),MIN(S7,AP7),"-") -> 6 | BN7: =IF(AND(T7>0,AQ7>0),MIN(T7,AQ7),"-") -> 4 | BO7: =IF(AND(U7>0,AR7>0),MIN(U7,AR7),"-") -> 5 | BP7: =IF(AND(V7>0,AS7>0),MIN(V7,AS7),"-") -> 5 | BQ7: =IF(COUNTIF(BH7:BP7,"<>-")=9,SUM(BH7:BP7),"-") -> 41 | BR7: =BG7 -> 43 | BS7: =IF(COUNTIF(BQ7:BR7,"<>-")=2,SUM(BQ7:BR7),"-") -> 84 | BT7: =IF(ISNUMBER(BS7),BS7-(C7*Rules!$P$9/100),"-") -> 80.75 | BU7: =RANK($BT7,$BT$5:$BT$106,1)+COUNTIF(BT$5:BT7,BT7)-1 -> 7 | BV7: =RANK(BT7,$BT$5:$BT$215,1) -> 7 | BW7: =B7 -> SONJA HOPCROFT | BX7: =C7 -> 13 | BY7: =BT7 -> 80.75 | CC7: 3 | CD7: =VLOOKUP(CC7,$BU$5:BY$215,2,FALSE) -> 3 | CE7: =VLOOKUP(CC7,$BU$5:BY$215,3,FALSE) -> ANITA VAN DER LINDE | CF7: =VLOOKUP(CC7,$BU$5:BY$215,5,FALSE) -> 79 | CL7: 1
A8: 4 | B8: ='A Div'!A8 & " " & 'A Div'!B8 -> TARA SMITH | C8: ='A Div'!E8 -> 2 | D8: 4 | E8: 3 | F8: 4 | G8: 4 | H8: 5 | I8: 3 | J8: 4 | K8: 4 | L8: 3 | M8: =IF(COUNTIF(D8:L8,"<>"&"")=9,SUM(D8:L8),"-") -> 34 | N8: 4 | O8: 4 | P8: 3 | Q8: 4 | R8: 4 | S8: 5 | T8: 4 | U8: 5 | V8: 5 | W8: =IF(COUNTIF(N8:V8,"<>"&"")=9,SUM(N8:V8),"-") -> 38 | X8: =IF(AND(ISNUMBER(M8),ISNUMBER(W8)),M8+W8,"-") -> 72 | Y8: =IF(ISNUMBER(X8),X8-C8,"-") -> 70 | AA8: 4 | AB8: 4 | AC8: 4 | AD8: 5 | AE8: 7 | AF8: 5 | AG8: 4 | AH8: 4 | AI8: 3 | AJ8: =IF(COUNTIF(AA8:AI8,"<>"&"")=9,SUM(AA8:AI8),"-") -> 40 | AK8: 5 | AL8: 4 | AM8: 4 | AN8: 4 | AO8: 6 | AP8: 4 | AQ8: 5 | AR8: 5 | AS8: 5 | AT8: =IF(COUNTIF(AK8:AS8,"<>"&"")=9,SUM(AK8:AS8),"-") -> 42 | AU8: =IF(AND(ISNUMBER(AJ8),ISNUMBER(AT8)),AJ8+AT8,"-") -> 82 | AV8: =IF(ISNUMBER(AU8),AU8-C8,"-") -> 80 | AX8: =IF(AND(D8>0,AA8>0),MIN(D8,AA8),"-") -> 4 | AY8: =IF(AND(E8>0,AB8>0),MIN(E8,AB8),"-") -> 3 | AZ8: =IF(AND(F8>0,AC8>0),MIN(F8,AC8),"-") -> 4 | BA8: =IF(AND(G8>0,AD8>0),MIN(G8,AD8),"-") -> 4 | BB8: =IF(AND(H8>0,AE8>0),MIN(H8,AE8),"-") -> 5 | BC8: =IF(AND(I8>0,AF8>0),MIN(I8,AF8),"-") -> 3 | BD8: =IF(AND(J8>0,AG8>0),MIN(J8,AG8),"-") -> 4 | BE8: =IF(AND(K8>0,AH8>0),MIN(K8,AH8),"-") -> 4 | BF8: =IF(AND(L8>0,AI8>0),MIN(L8,AI8),"-") -> 3 | BG8: =IF(COUNTIF(AX8:BF8,"<>-")=9,SUM(AX8:BF8),"-") -> 34 | BH8: =IF(AND(N8>0,AK8>0),MIN(N8,AK8),"-") -> 4 | BI8: =IF(AND(O8>0,AL8>0),MIN(O8,AL8),"-") -> 4 | BJ8: =IF(AND(P8>0,AM8>0),MIN(P8,AM8),"-") -> 3 | BK8: =IF(AND(Q8>0,AN8>0),MIN(Q8,AN8),"-") -> 4 | BL8: =IF(AND(R8>0,AO8>0),MIN(R8,AO8),"-") -> 4 | BM8: =IF(AND(S8>0,AP8>0),MIN(S8,AP8),"-") -> 4 | BN8: =IF(AND(T8>0,AQ8>0),MIN(T8,AQ8),"-") -> 4 | BO8: =IF(AND(U8>0,AR8>0),MIN(U8,AR8),"-") -> 5 | BP8: =IF(AND(V8>0,AS8>0),MIN(V8,AS8),"-") -> 5 | BQ8: =IF(COUNTIF(BH8:BP8,"<>-")=9,SUM(BH8:BP8),"-") -> 37 | BR8: =BG8 -> 34 | BS8: =IF(COUNTIF(BQ8:BR8,"<>-")=2,SUM(BQ8:BR8),"-") -> 71 | BT8: =IF(ISNUMBER(BS8),BS8-(C8*Rules!$P$9/100),"-") -> 70.5 | BU8: =RANK($BT8,$BT$5:$BT$106,1)+COUNTIF(BT$5:BT8,BT8)-1 -> 1 | BV8: =RANK(BT8,$BT$5:$BT$215,1) -> 1 | BW8: =B8 -> TARA SMITH | BX8: =C8 -> 2 | BY8: =BT8 -> 70.5 | CC8: 4 | CD8: =VLOOKUP(CC8,$BU$5:BY$215,2,FALSE) -> 4 | CE8: =VLOOKUP(CC8,$BU$5:BY$215,3,FALSE) -> KAY DUNKLEY | CF8: =VLOOKUP(CC8,$BU$5:BY$215,5,FALSE) -> 80 | CL8: 1
A9: 5 | B9: ='A Div'!A9 & " " & 'A Div'!B9 -> ANITA VAN DER LINDE | C9: ='A Div'!E9 -> 16 | D9: 6 | E9: 3 | F9: 6 | G9: 7 | H9: 5 | I9: 3 | J9: 5 | K9: 6 | L9: 4 | M9: =IF(COUNTIF(D9:L9,"<>"&"")=9,SUM(D9:L9),"-") -> 45 | N9: 8 | O9: 4 | P9: 4 | Q9: 6 | R9: 4 | S9: 6 | T9: 3 | U9: 6 | V9: 7 | W9: =IF(COUNTIF(N9:V9,"<>"&"")=9,SUM(N9:V9),"-") -> 48 | X9: =IF(AND(ISNUMBER(M9),ISNUMBER(W9)),M9+W9,"-") -> 93 | Y9: =IF(ISNUMBER(X9),X9-C9,"-") -> 77 | AA9: 5 | AB9: 3 | AC9: 5 | AD9: 5 | AE9: 7 | AF9: 3 | AG9: 6 | AH9: 5 | AI9: 4 | AJ9: =IF(COUNTIF(AA9:AI9,"<>"&"")=9,SUM(AA9:AI9),"-") -> 43 | AK9: 7 | AL9: 4 | AM9: 3 | AN9: 6 | AO9: 3 | AP9: 6 | AQ9: 5 | AR9: 6 | AS9: 5 | AT9: =IF(COUNTIF(AK9:AS9,"<>"&"")=9,SUM(AK9:AS9),"-") -> 45 | AU9: =IF(AND(ISNUMBER(AJ9),ISNUMBER(AT9)),AJ9+AT9,"-") -> 88 | AV9: =IF(ISNUMBER(AU9),AU9-C9,"-") -> 72 | AX9: =IF(AND(D9>0,AA9>0),MIN(D9,AA9),"-") -> 5 | AY9: =IF(AND(E9>0,AB9>0),MIN(E9,AB9),"-") -> 3 | AZ9: =IF(AND(F9>0,AC9>0),MIN(F9,AC9),"-") -> 5 | BA9: =IF(AND(G9>0,AD9>0),MIN(G9,AD9),"-") -> 5 | BB9: =IF(AND(H9>0,AE9>0),MIN(H9,AE9),"-") -> 5 | BC9: =IF(AND(I9>0,AF9>0),MIN(I9,AF9),"-") -> 3 | BD9: =IF(AND(J9>0,AG9>0),MIN(J9,AG9),"-") -> 5 | BE9: =IF(AND(K9>0,AH9>0),MIN(K9,AH9),"-") -> 5 | BF9: =IF(AND(L9>0,AI9>0),MIN(L9,AI9),"-") -> 4 | BG9: =IF(COUNTIF(AX9:BF9,"<>-")=9,SUM(AX9:BF9),"-") -> 40 | BH9: =IF(AND(N9>0,AK9>0),MIN(N9,AK9),"-") -> 7 | BI9: =IF(AND(O9>0,AL9>0),MIN(O9,AL9),"-") -> 4 | BJ9: =IF(AND(P9>0,AM9>0),MIN(P9,AM9),"-") -> 3 | BK9: =IF(AND(Q9>0,AN9>0),MIN(Q9,AN9),"-") -> 6 | BL9: =IF(AND(R9>0,AO9>0),MIN(R9,AO9),"-") -> 3 | BM9: =IF(AND(S9>0,AP9>0),MIN(S9,AP9),"-") -> 6 | BN9: =IF(AND(T9>0,AQ9>0),MIN(T9,AQ9),"-") -> 3 | BO9: =IF(AND(U9>0,AR9>0),MIN(U9,AR9),"-") -> 6 | BP9: =IF(AND(V9>0,AS9>0),MIN(V9,AS9),"-") -> 5 | BQ9: =IF(COUNTIF(BH9:BP9,"<>-")=9,SUM(BH9:BP9),"-") -> 43 | BR9: =BG9 -> 40 | BS9: =IF(COUNTIF(BQ9:BR9,"<>-")=2,SUM(BQ9:BR9),"-") -> 83 | BT9: =IF(ISNUMBER(BS9),BS9-(C9*Rules!$P$9/100),"-") -> 79 | BU9: =RANK($BT9,$BT$5:$BT$106,1)+COUNTIF(BT$5:BT9,BT9)-1 -> 3 | BV9: =RANK(BT9,$BT$5:$BT$215,1) -> 3 | BW9: =B9 -> ANITA VAN DER LINDE | BX9: =C9 -> 16 | BY9: =BT9 -> 79 | CC9: 5 | CD9: =VLOOKUP(CC9,$BU$5:BY$215,2,FALSE) -> 4 | CE9: =VLOOKUP(CC9,$BU$5:BY$215,3,FALSE) -> GAIL SPEIRS | CF9: =VLOOKUP(CC9,$BU$5:BY$215,5,FALSE) -> 80 | CL9: 1
A10: 6 | B10: ='A Div'!A10 & " " & 'A Div'!B10 -> SHAY BROEDELET | C10: ='A Div'!E10 -> 28 | D10: 6 | E10: 3 | F10: 7 | G10: 6 | H10: 6 | I10: 4 | J10: 7 | K10: 7 | L10: 4 | M10: =IF(COUNTIF(D10:L10,"<>"&"")=9,SUM(D10:L10),"-") -> 50 | N10: 7 | O10: 4 | P10: 6 | Q10: 6 | R10: 3 | S10: 7 | T10: 5 | U10: 9 | V10: 10 | W10: =IF(COUNTIF(N10:V10,"<>"&"")=9,SUM(N10:V10),"-") -> 57 | X10: =IF(AND(ISNUMBER(M10),ISNUMBER(W10)),M10+W10,"-") -> 107 | Y10: =IF(ISNUMBER(X10),X10-C10,"-") -> 79 | AA10: 6 | AB10: 4 | AC10: 5 | AD10: 7 | AE10: 6 | AF10: 4 | AG10: 7 | AH10: 5 | AI10: 6 | AJ10: =IF(COUNTIF(AA10:AI10,"<>"&"")=9,SUM(AA10:AI10),"-") -> 50 | AK10: 8 | AL10: 5 | AM10: 3 | AN10: 7 | AO10: 4 | AP10: 6 | AQ10: 5 | AR10: 7 | AS10: 8 | AT10: =IF(COUNTIF(AK10:AS10,"<>"&"")=9,SUM(AK10:AS10),"-") -> 53 | AU10: =IF(AND(ISNUMBER(AJ10),ISNUMBER(AT10)),AJ10+AT10,"-") -> 103 | AV10: =IF(ISNUMBER(AU10),AU10-C10,"-") -> 75 | AX10: =IF(AND(D10>0,AA10>0),MIN(D10,AA10),"-") -> 6 | AY10: =IF(AND(E10>0,AB10>0),MIN(E10,AB10),"-") -> 3 | AZ10: =IF(AND(F10>0,AC10>0),MIN(F10,AC10),"-") -> 5 | BA10: =IF(AND(G10>0,AD10>0),MIN(G10,AD10),"-") -> 6 | BB10: =IF(AND(H10>0,AE10>0),MIN(H10,AE10),"-") -> 6 | BC10: =IF(AND(I10>0,AF10>0),MIN(I10,AF10),"-") -> 4 | BD10: =IF(AND(J10>0,AG10>0),MIN(J10,AG10),"-") -> 7 | BE10: =IF(AND(K10>0,AH10>0),MIN(K10,AH10),"-") -> 5 | BF10: =IF(AND(L10>0,AI10>0),MIN(L10,AI10),"-") -> 4 | BG10: =IF(COUNTIF(AX10:BF10,"<>-")=9,SUM(AX10:BF10),"-") -> 46 | BH10: =IF(AND(N10>0,AK10>0),MIN(N10,AK10),"-") -> 7 | BI10: =IF(AND(O10>0,AL10>0),MIN(O10,AL10),"-") -> 4 | BJ10: =IF(AND(P10>0,AM10>0),MIN(P10,AM10),"-") -> 3 | BK10: =IF(AND(Q10>0,AN10>0),MIN(Q10,AN10),"-") -> 6 | BL10: =IF(AND(R10>0,AO10>0),MIN(R10,AO10),"-") -> 3 | BM10: =IF(AND(S10>0,AP10>0),MIN(S10,AP10),"-") -> 6 | BN10: =IF(AND(T10>0,AQ10>0),MIN(T10,AQ10),"-") -> 5 | BO10: =IF(AND(U10>0,AR10>0),MIN(U10,AR10),"-") -> 7 | BP10: =IF(AND(V10>0,AS10>0),MIN(V10,AS10),"-") -> 8 | BQ10: =IF(COUNTIF(BH10:BP10,"<>-")=9,SUM(BH10:BP10),"-") -> 49 | BR10: =BG10 -> 46 | BS10: =IF(COUNTIF(BQ10:BR10,"<>-")=2,SUM(BQ10:BR10),"-") -> 95 | BT10: =IF(ISNUMBER(BS10),BS10-(C10*Rules!$P$9/100),"-") -> 88 | BU10: =RANK($BT10,$BT$5:$BT$106,1)+COUNTIF(BT$5:BT10,BT10)-1 -> 15 | BV10: =RANK(BT10,$BT$5:$BT$215,1) -> 15 | BW10: =B10 -> SHAY BROEDELET | BX10: =C10 -> 28 | BY10: =BT10 -> 88 | CC10: 6 | CD10: =VLOOKUP(CC10,$BU$5:BY$215,2,FALSE) -> 6 | CE10: =VLOOKUP(CC10,$BU$5:BY$215,3,FALSE) -> JUDY VAN DER VEEN | CF10: =VLOOKUP(CC10,$BU$5:BY$215,5,FALSE) -> 80.5 | CL10: 1
A11: 7 | B11: ='A Div'!A11 & " " & 'A Div'!B11 -> PREM GOVENDER | C11: ='A Div'!E11 -> 26 | D11: 6 | E11: 3 | F11: 6 | G11: 4 | H11: 7 | I11: 4 | J11: 5 | K11: 6 | L11: 5 | M11: =IF(COUNTIF(D11:L11,"<>"&"")=9,SUM(D11:L11),"-") -> 46 | N11: 8 | O11: 5 | P11: 4 | Q11: 7 | R11: 3 | S11: 6 | T11: 6 | U11: 6 | V11: 8 | W11: =IF(COUNTIF(N11:V11,"<>"&"")=9,SUM(N11:V11),"-") -> 53 | X11: =IF(AND(ISNUMBER(M11),ISNUMBER(W11)),M11+W11,"-") -> 99 | Y11: =IF(ISNUMBER(X11),X11-C11,"-") -> 73 | AA11: 6 | AB11: 4 | AC11: 5 | AD11: 6 | AE11: 11 | AF11: 5 | AG11: 6 | AH11: 5 | AI11: 6 | AJ11: =IF(COUNTIF(AA11:AI11,"<>"&"")=9,SUM(AA11:AI11),"-") -> 54 | AK11: 9 | AL11: 7 | AM11: 3 | AN11: 6 | AO11: 4 | AP11: 7 | AQ11: 5 | AR11: 7 | AS11: 7 | AT11: =IF(COUNTIF(AK11:AS11,"<>"&"")=9,SUM(AK11:AS11),"-") -> 55 | AU11: =IF(AND(ISNUMBER(AJ11),ISNUMBER(AT11)),AJ11+AT11,"-") -> 109 | AV11: =IF(ISNUMBER(AU11),AU11-C11,"-") -> 83 | AX11: =IF(AND(D11>0,AA11>0),MIN(D11,AA11),"-") -> 6 | AY11: =IF(AND(E11>0,AB11>0),MIN(E11,AB11),"-") -> 3 | AZ11: =IF(AND(F11>0,AC11>0),MIN(F11,AC11),"-") -> 5 | BA11: =IF(AND(G11>0,AD11>0),MIN(G11,AD11),"-") -> 4 | BB11: =IF(AND(H11>0,AE11>0),MIN(H11,AE11),"-") -> 7 | BC11: =IF(AND(I11>0,AF11>0),MIN(I11,AF11),"-") -> 4 | BD11: =IF(AND(J11>0,AG11>0),MIN(J11,AG11),"-") -> 5 | BE11: =IF(AND(K11>0,AH11>0),MIN(K11,AH11),"-") -> 5 | BF11: =IF(AND(L11>0,AI11>0),MIN(L11,AI11),"-") -> 5 | BG11: =IF(COUNTIF(AX11:BF11,"<>-")=9,SUM(AX11:BF11),"-") -> 44 | BH11: =IF(AND(N11>0,AK11>0),MIN(N11,AK11),"-") -> 8 | BI11: =IF(AND(O11>0,AL11>0),MIN(O11,AL11),"-") -> 5 | BJ11: =IF(AND(P11>0,AM11>0),MIN(P11,AM11),"-") -> 3 | BK11: =IF(AND(Q11>0,AN11>0),MIN(Q11,AN11),"-") -> 6 | BL11: =IF(AND(R11>0,AO11>0),MIN(R11,AO11),"-") -> 3 | BM11: =IF(AND(S11>0,AP11>0),MIN(S11,AP11),"-") -> 6 | BN11: =IF(AND(T11>0,AQ11>0),MIN(T11,AQ11),"-") -> 5 | BO11: =IF(AND(U11>0,AR11>0),MIN(U11,AR11),"-") -> 6 | BP11: =IF(AND(V11>0,AS11>0),MIN(V11,AS11),"-") -> 7 | BQ11: =IF(COUNTIF(BH11:BP11,"<>-")=9,SUM(BH11:BP11),"-") -> 49 | BR11: =BG11 -> 44 | BS11: =IF(COUNTIF(BQ11:BR11,"<>-")=2,SUM(BQ11:BR11),"-") -> 93 | BT11: =IF(ISNUMBER(BS11),BS11-(C11*Rules!$P$9/100),"-") -> 86.5 | BU11: =RANK($BT11,$BT$5:$BT$106,1)+COUNTIF(BT$5:BT11,BT11)-1 -> 13 | BV11: =RANK(BT11,$BT$5:$BT$215,1) -> 13 | BW11: =B11 -> PREM GOVENDER | BX11: =C11 -> 26 | BY11: =BT11 -> 86.5 | CC11: 7 | CD11: =VLOOKUP(CC11,$BU$5:BY$215,2,FALSE) -> 7 | CE11: =VLOOKUP(CC11,$BU$5:BY$215,3,FALSE) -> SONJA HOPCROFT | CF11: =VLOOKUP(CC11,$BU$5:BY$215,5,FALSE) -> 80.75 | CL11: 1
A12: 8 | B12: ='A Div'!A12 & " " & 'A Div'!B12 -> RENE LADELL | C12: ='A Div'!E12 -> 36 | D12: 7 | E12: 3 | F12: 7 | G12: 7 | H12: 9 | I12: 5 | J12: 7 | K12: 6 | L12: 5 | M12: =IF(COUNTIF(D12:L12,"<>"&"")=9,SUM(D12:L12),"-") -> 56 | N12: 9 | O12: 7 | P12: 3 | Q12: 8 | R12: 4 | S12: 7 | T12: 6 | U12: 8 | V12: 7 | W12: =IF(COUNTIF(N12:V12,"<>"&"")=9,SUM(N12:V12),"-") -> 59 | X12: =IF(AND(ISNUMBER(M12),ISNUMBER(W12)),M12+W12,"-") -> 115 | Y12: =IF(ISNUMBER(X12),X12-C12,"-") -> 79 | AA12: 6 | AB12: 4 | AC12: 7 | AD12: 6 | AE12: 7 | AF12: 3 | AG12: 6 | AH12: 7 | AI12: 7 | AJ12: =IF(COUNTIF(AA12:AI12,"<>"&"")=9,SUM(AA12:AI12),"-") -> 53 | AK12: 10 | AL12: 6 | AM12: 4 | AN12: 8 | AO12: 5 | AP12: 8 | AQ12: 6 | AR12: 7 | AS12: 8 | AT12: =IF(COUNTIF(AK12:AS12,"<>"&"")=9,SUM(AK12:AS12),"-") -> 62 | AU12: =IF(AND(ISNUMBER(AJ12),ISNUMBER(AT12)),AJ12+AT12,"-") -> 115 | AV12: =IF(ISNUMBER(AU12),AU12-C12,"-") -> 79 | AX12: =IF(AND(D12>0,AA12>0),MIN(D12,AA12),"-") -> 6 | AY12: =IF(AND(E12>0,AB12>0),MIN(E12,AB12),"-") -> 3 | AZ12: =IF(AND(F12>0,AC12>0),MIN(F12,AC12),"-") -> 7 | BA12: =IF(AND(G12>0,AD12>0),MIN(G12,AD12),"-") -> 6 | BB12: =IF(AND(H12>0,AE12>0),MIN(H12,AE12),"-") -> 7 | BC12: =IF(AND(I12>0,AF12>0),MIN(I12,AF12),"-") -> 3 | BD12: =IF(AND(J12>0,AG12>0),MIN(J12,AG12),"-") -> 6 | BE12: =IF(AND(K12>0,AH12>0),MIN(K12,AH12),"-") -> 6 | BF12: =IF(AND(L12>0,AI12>0),MIN(L12,AI12),"-") -> 5 | BG12: =IF(COUNTIF(AX12:BF12,"<>-")=9,SUM(AX12:BF12),"-") -> 49 | BH12: =IF(AND(N12>0,AK12>0),MIN(N12,AK12),"-") -> 9 | BI12: =IF(AND(O12>0,AL12>0),MIN(O12,AL12),"-") -> 6 | BJ12: =IF(AND(P12>0,AM12>0),MIN(P12,AM12),"-") -> 3 | BK12: =IF(AND(Q12>0,AN12>0),MIN(Q12,AN12),"-") -> 8 | BL12: =IF(AND(R12>0,AO12>0),MIN(R12,AO12),"-") -> 4 | BM12: =IF(AND(S12>0,AP12>0),MIN(S12,AP12),"-") -> 7 | BN12: =IF(AND(T12>0,AQ12>0),MIN(T12,AQ12),"-") -> 6 | BO12: =IF(AND(U12>0,AR12>0),MIN(U12,AR12),"-") -> 7 | BP12: =IF(AND(V12>0,AS12>0),MIN(V12,AS12),"-") -> 7 | BQ12: =IF(COUNTIF(BH12:BP12,"<>-")=9,SUM(BH12:BP12),"-") -> 57 | BR12: =BG12 -> 49 | BS12: =IF(COUNTIF(BQ12:BR12,"<>-")=2,SUM(BQ12:BR12),"-") -> 106 | BT12: =IF(ISNUMBER(BS12),BS12-(C12*Rules!$P$9/100),"-") -> 97 | BU12: =RANK($BT12,$BT$5:$BT$106,1)+COUNTIF(BT$5:BT12,BT12)-1 -> 16 | BV12: =RANK(BT12,$BT$5:$BT$215,1) -> 16 | BW12: =B12 -> RENE LADELL | BX12: =C12 -> 36 | BY12: =BT12 -> 97 | CC12: 8 | CD12: =VLOOKUP(CC12,$BU$5:BY$215,2,FALSE) -> 8 | CE12: =VLOOKUP(CC12,$BU$5:BY$215,3,FALSE) -> JANIS NEL | CF12: =VLOOKUP(CC12,$BU$5:BY$215,5,FALSE) -> 81 | CL12: 1
A13: 9 | B13: ='A Div'!A13 & " " & 'A Div'!B13 -> ANGELA MASEFIELD | C13: ='A Div'!E13 -> 22 | D13: 5 | E13: 5 | F13: 8 | G13: 5 | H13: 7 | I13: 3 | J13: 5 | K13: 5 | L13: 4 | M13: =IF(COUNTIF(D13:L13,"<>"&"")=9,SUM(D13:L13),"-") -> 47 | N13: 8 | O13: 6 | P13: 4 | Q13: 6 | R13: 5 | S13: 6 | T13: 5 | U13: 5 | V13: 9 | W13: =IF(COUNTIF(N13:V13,"<>"&"")=9,SUM(N13:V13),"-") -> 54 | X13: =IF(AND(ISNUMBER(M13),ISNUMBER(W13)),M13+W13,"-") -> 101 | Y13: =IF(ISNUMBER(X13),X13-C13,"-") -> 79 | AA13: 5 | AB13: 4 | AC13: 8 | AD13: 6 | AE13: 6 | AF13: 5 | AG13: 8 | AH13: 7 | AI13: 6 | AJ13: =IF(COUNTIF(AA13:AI13,"<>"&"")=9,SUM(AA13:AI13),"-") -> 55 | AK13: 6 | AL13: 6 | AM13: 3 | AN13: 7 | AO13: 4 | AP13: 7 | AQ13: 5 | AR13: 5 | AS13: 7 | AT13: =IF(COUNTIF(AK13:AS13,"<>"&"")=9,SUM(AK13:AS13),"-") -> 50 | AU13: =IF(AND(ISNUMBER(AJ13),ISNUMBER(AT13)),AJ13+AT13,"-") -> 105 | AV13: =IF(ISNUMBER(AU13),AU13-C13,"-") -> 83 | AX13: =IF(AND(D13>0,AA13>0),MIN(D13,AA13),"-") -> 5 | AY13: =IF(AND(E13>0,AB13>0),MIN(E13,AB13),"-") -> 4 | AZ13: =IF(AND(F13>0,AC13>0),MIN(F13,AC13),"-") -> 8 | BA13: =IF(AND(G13>0,AD13>0),MIN(G13,AD13),"-") -> 5 | BB13: =IF(AND(H13>0,AE13>0),MIN(H13,AE13),"-") -> 6 | BC13: =IF(AND(I13>0,AF13>0),MIN(I13,AF13),"-") -> 3 | BD13: =IF(AND(J13>0,AG13>0),MIN(J13,AG13),"-") -> 5 | BE13: =IF(AND(K13>0,AH13>0),MIN(K13,AH13),"-") -> 5 | BF13: =IF(AND(L13>0,AI13>0),MIN(L13,AI13),"-") -> 4 | BG13: =IF(COUNTIF(AX13:BF13,"<>-")=9,SUM(AX13:BF13),"-") -> 45 | BH13: =IF(AND(N13>0,AK13>0),MIN(N13,AK13),"-") -> 6 | BI13: =IF(AND(O13>0,AL13>0),MIN(O13,AL13),"-") -> 6 | BJ13: =IF(AND(P13>0,AM13>0),MIN(P13,AM13),"-") -> 3 | BK13: =IF(AND(Q13>0,AN13>0),MIN(Q13,AN13),"-") -> 6 | BL13: =IF(AND(R13>0,AO13>0),MIN(R13,AO13),"-") -> 4 | BM13: =IF(AND(S13>0,AP13>0),MIN(S13,AP13),"-") -> 6 | BN13: =IF(AND(T13>0,AQ13>0),MIN(T13,AQ13),"-") -> 5 | BO13: =IF(AND(U13>0,AR13>0),MIN(U13,AR13),"-") -> 5 | BP13: =IF(AND(V13>0,AS13>0),MIN(V13,AS13),"-") -> 7 | BQ13: =IF(COUNTIF(BH13:BP13,"<>-")=9,SUM(BH13:BP13),"-") -> 48 | BR13: =BG13 -> 45 | BS13: =IF(COUNTIF(BQ13:BR13,"<>-")=2,SUM(BQ13:BR13),"-") -> 93 | BT13: =IF(ISNUMBER(BS13),BS13-(C13*Rules!$P$9/100),"-") -> 87.5 | BU13: =RANK($BT13,$BT$5:$BT$106,1)+COUNTIF(BT$5:BT13,BT13)-1 -> 14 | BV13: =RANK(BT13,$BT$5:$BT$215,1) -> 14 | BW13: =B13 -> ANGELA MASEFIELD | BX13: =C13 -> 22 | BY13: =BT13 -> 87.5 | CC13: 9 | CD13: =VLOOKUP(CC13,$BU$5:BY$215,2,FALSE) -> 9 | CE13: =VLOOKUP(CC13,$BU$5:BY$215,3,FALSE) -> ALIDA HOOPER | CF13: =VLOOKUP(CC13,$BU$5:BY$215,5,FALSE) -> 81.25 | CL13: 1
A14: 10 | B14: ='A Div'!A14 & " " & 'A Div'!B14 -> FIFI NARAN | C14: ='A Div'!E14 -> 25 | D14: 5 | E14: 3 | F14: 5 | G14: 6 | H14: 8 | I14: 5 | J14: 7 | K14: 6 | L14: 3 | M14: =IF(COUNTIF(D14:L14,"<>"&"")=9,SUM(D14:L14),"-") -> 48 | N14: 6 | O14: 7 | P14: 6 | Q14: 7 | R14: 4 | S14: 6 | T14: 5 | U14: 6 | V14: 7 | W14: =IF(COUNTIF(N14:V14,"<>"&"")=9,SUM(N14:V14),"-") -> 54 | X14: =IF(AND(ISNUMBER(M14),ISNUMBER(W14)),M14+W14,"-") -> 102 | Y14: =IF(ISNUMBER(X14),X14-C14,"-") -> 77 | AA14: 6 | AB14: 3 | AC14: 7 | AD14: 5 | AE14: 8 | AF14: 4 | AG14: 4 | AH14: 5 | AI14: 4 | AJ14: =IF(COUNTIF(AA14:AI14,"<>"&"")=9,SUM(AA14:AI14),"-") -> 46 | AK14: 6 | AL14: 5 | AM14: 5 | AN14: 6 | AO14: 7 | AP14: 7 | AQ14: 4 | AR14: 9 | AS14: 8 | AT14: =IF(COUNTIF(AK14:AS14,"<>"&"")=9,SUM(AK14:AS14),"-") -> 57 | AU14: =IF(AND(ISNUMBER(AJ14),ISNUMBER(AT14)),AJ14+AT14,"-") -> 103 | AV14: =IF(ISNUMBER(AU14),AU14-C14,"-") -> 78 | AX14: =IF(AND(D14>0,AA14>0),MIN(D14,AA14),"-") -> 5 | AY14: =IF(AND(E14>0,AB14>0),MIN(E14,AB14),"-") -> 3 | AZ14: =IF(AND(F14>0,AC14>0),MIN(F14,AC14),"-") -> 5 | BA14: =IF(AND(G14>0,AD14>0),MIN(G14,AD14),"-") -> 5 | BB14: =IF(AND(H14>0,AE14>0),MIN(H14,AE14),"-") -> 8 | BC14: =IF(AND(I14>0,AF14>0),MIN(I14,AF14),"-") -> 4 | BD14: =IF(AND(J14>0,AG14>0),MIN(J14,AG14),"-") -> 4 | BE14: =IF(AND(K14>0,AH14>0),MIN(K14,AH14),"-") -> 5 | BF14: =IF(AND(L14>0,AI14>0),MIN(L14,AI14),"-") -> 3 | BG14: =IF(COUNTIF(AX14:BF14,"<>-")=9,SUM(AX14:BF14),"-") -> 42 | BH14: =IF(AND(N14>0,AK14>0),MIN(N14,AK14),"-") -> 6 | BI14: =IF(AND(O14>0,AL14>0),MIN(O14,AL14),"-") -> 5 | BJ14: =IF(AND(P14>0,AM14>0),MIN(P14,AM14),"-") -> 5 | BK14: =IF(AND(Q14>0,AN14>0),MIN(Q14,AN14),"-") -> 6 | BL14: =IF(AND(R14>0,AO14>0),MIN(R14,AO14),"-") -> 4 | BM14: =IF(AND(S14>0,AP14>0),MIN(S14,AP14),"-") -> 6 | BN14: =IF(AND(T14>0,AQ14>0),MIN(T14,AQ14),"-") -> 4 | BO14: =IF(AND(U14>0,AR14>0),MIN(U14,AR14),"-") -> 6 | BP14: =IF(AND(V14>0,AS14>0),MIN(V14,AS14),"-") -> 7 | BQ14: =IF(COUNTIF(BH14:BP14,"<>-")=9,SUM(BH14:BP14),"-") -> 49 | BR14: =BG14 -> 42 | BS14: =IF(COUNTIF(BQ14:BR14,"<>-")=2,SUM(BQ14:BR14),"-") -> 91 | BT14: =IF(ISNUMBER(BS14),BS14-(C14*Rules!$P$9/100),"-") -> 84.75 | BU14: =RANK($BT14,$BT$5:$BT$106,1)+COUNTIF(BT$5:BT14,BT14)-1 -> 11 | BV14: =RANK(BT14,$BT$5:$BT$215,1) -> 11 | BW14: =B14 -> FIFI NARAN | BX14: =C14 -> 25 | BY14: =BT14 -> 84.75 | CC14: 10 | CD14: =VLOOKUP(CC14,$BU$5:BY$215,2,FALSE) -> 10 | CE14: =VLOOKUP(CC14,$BU$5:BY$215,3,FALSE) -> KAREN STOTT | CF14: =VLOOKUP(CC14,$BU$5:BY$215,5,FALSE) -> 82 | CL14: 1
A15: 11 | B15: ='A Div'!A15 & " " & 'A Div'!B15 -> JANIS NEL | C15: ='A Div'!E15 -> 20 | D15: 5 | E15: 2 | F15: 6 | G15: 5 | H15: 7 | I15: 3 | J15: 6 | K15: 5 | L15: 5 | M15: =IF(COUNTIF(D15:L15,"<>"&"")=9,SUM(D15:L15),"-") -> 44 | N15: 5 | O15: 4 | P15: 3 | Q15: 6 | R15: 4 | S15: 6 | T15: 4 | U15: 5 | V15: 6 | W15: =IF(COUNTIF(N15:V15,"<>"&"")=9,SUM(N15:V15),"-") -> 43 | X15: =IF(AND(ISNUMBER(M15),ISNUMBER(W15)),M15+W15,"-") -> 87 | Y15: =IF(ISNUMBER(X15),X15-C15,"-") -> 67 | AA15: 5 | AB15: 3 | AC15: 5 | AD15: 6 | AE15: 8 | AF15: 3 | AG15: 6 | AH15: 6 | AI15: 5 | AJ15: =IF(COUNTIF(AA15:AI15,"<>"&"")=9,SUM(AA15:AI15),"-") -> 47 | AK15: 6 | AL15: 4 | AM15: 3 | AN15: 7 | AO15: 4 | AP15: 8 | AQ15: 4 | AR15: 6 | AS15: 6 | AT15: =IF(COUNTIF(AK15:AS15,"<>"&"")=9,SUM(AK15:AS15),"-") -> 48 | AU15: =IF(AND(ISNUMBER(AJ15),ISNUMBER(AT15)),AJ15+AT15,"-") -> 95 | AV15: =IF(ISNUMBER(AU15),AU15-C15,"-") -> 75 | AX15: =IF(AND(D15>0,AA15>0),MIN(D15,AA15),"-") -> 5 | AY15: =IF(AND(E15>0,AB15>0),MIN(E15,AB15),"-") -> 2 | AZ15: =IF(AND(F15>0,AC15>0),MIN(F15,AC15),"-") -> 5 | BA15: =IF(AND(G15>0,AD15>0),MIN(G15,AD15),"-") -> 5 | BB15: =IF(AND(H15>0,AE15>0),MIN(H15,AE15),"-") -> 7 | BC15: =IF(AND(I15>0,AF15>0),MIN(I15,AF15),"-") -> 3 | BD15: =IF(AND(J15>0,AG15>0),MIN(J15,AG15),"-") -> 6 | BE15: =IF(AND(K15>0,AH15>0),MIN(K15,AH15),"-") -> 5 | BF15: =IF(AND(L15>0,AI15>0),MIN(L15,AI15),"-") -> 5 | BG15: =IF(COUNTIF(AX15:BF15,"<>-")=9,SUM(AX15:BF15),"-") -> 43 | BH15: =IF(AND(N15>0,AK15>0),MIN(N15,AK15),"-") -> 5 | BI15: =IF(AND(O15>0,AL15>0),MIN(O15,AL15),"-") -> 4 | BJ15: =IF(AND(P15>0,AM15>0),MIN(P15,AM15),"-") -> 3 | BK15: =IF(AND(Q15>0,AN15>0),MIN(Q15,AN15),"-") -> 6 | BL15: =IF(AND(R15>0,AO15>0),MIN(R15,AO15),"-") -> 4 | BM15: =IF(AND(S15>0,AP15>0),MIN(S15,AP15),"-") -> 6 | BN15: =IF(AND(T15>0,AQ15>0),MIN(T15,AQ15),"-") -> 4 | BO15: =IF(AND(U15>0,AR15>0),MIN(U15,AR15),"-") -> 5 | BP15: =IF(AND(V15>0,AS15>0),MIN(V15,AS15),"-") -> 6 | BQ15: =IF(COUNTIF(BH15:BP15,"<>-")=9,SUM(BH15:BP15),"-") -> 43 | BR15: =BG15 -> 43 | BS15: =IF(COUNTIF(BQ15:BR15,"<>-")=2,SUM(BQ15:BR15),"-") -> 86 | BT15: =IF(ISNUMBER(BS15),BS15-(C15*Rules!$P$9/100),"-") -> 81 | BU15: =RANK($BT15,$BT$5:$BT$106,1)+COUNTIF(BT$5:BT15,BT15)-1 -> 8 | BV15: =RANK(BT15,$BT$5:$BT$215,1) -> 8 | BW15: =B15 -> JANIS NEL | BX15: =C15 -> 20 | BY15: =BT15 -> 81 | CC15: 11 | CD15: =VLOOKUP(CC15,$BU$5:BY$215,2,FALSE) -> 11 | CE15: =VLOOKUP(CC15,$BU$5:BY$215,3,FALSE) -> FIFI NARAN | CF15: =VLOOKUP(CC15,$BU$5:BY$215,5,FALSE) -> 84.75 | CL15: 1
A16: 12 | B16: ='A Div'!A16 & " " & 'A Div'!B16 -> MELISSA PALMER | C16: ='A Div'!E16 -> 20 | D16: 6 | E16: 3 | F16: 6 | G16: 4 | H16: 7 | I16: 3 | J16: 5 | K16: 5 | L16: 5 | M16: =IF(COUNTIF(D16:L16,"<>"&"")=9,SUM(D16:L16),"-") -> 44 | N16: 7 | O16: 4 | P16: 4 | Q16: 7 | R16: 6 | S16: 6 | T16: 3 | U16: 5 | V16: 4 | W16: =IF(COUNTIF(N16:V16,"<>"&"")=9,SUM(N16:V16),"-") -> 46 | X16: =IF(AND(ISNUMBER(M16),ISNUMBER(W16)),M16+W16,"-") -> 90 | Y16: =IF(ISNUMBER(X16),X16-C16,"-") -> 70 | AA16: 5 | AB16: 5 | AC16: 4 | AD16: 6 | AE16: 10 | AF16: 5 | AG16: 6 | AH16: 5 | AI16: 5 | AJ16: =IF(COUNTIF(AA16:AI16,"<>"&"")=9,SUM(AA16:AI16),"-") -> 51 | AK16: 10 | AL16: 5 | AM16: 4 | AN16: 6 | AO16: 4 | AP16: 5 | AQ16: 4 | AR16: 6 | AS16: 5.1 | AT16: =IF(COUNTIF(AK16:AS16,"<>"&"")=9,SUM(AK16:AS16),"-") -> 49.1 | AU16: =IF(AND(ISNUMBER(AJ16),ISNUMBER(AT16)),AJ16+AT16,"-") -> 100.1 | AV16: =IF(ISNUMBER(AU16),AU16-C16,"-") -> 80.1 | AX16: =IF(AND(D16>0,AA16>0),MIN(D16,AA16),"-") -> 5 | AY16: =IF(AND(E16>0,AB16>0),MIN(E16,AB16),"-") -> 3 | AZ16: =IF(AND(F16>0,AC16>0),MIN(F16,AC16),"-") -> 4 | BA16: =IF(AND(G16>0,AD16>0),MIN(G16,AD16),"-") -> 4 | BB16: =IF(AND(H16>0,AE16>0),MIN(H16,AE16),"-") -> 7 | BC16: =IF(AND(I16>0,AF16>0),MIN(I16,AF16),"-") -> 3 | BD16: =IF(AND(J16>0,AG16>0),MIN(J16,AG16),"-") -> 5 | BE16: =IF(AND(K16>0,AH16>0),MIN(K16,AH16),"-") -> 5 | BF16: =IF(AND(L16>0,AI16>0),MIN(L16,AI16),"-") -> 5 | BG16: =IF(COUNTIF(AX16:BF16,"<>-")=9,SUM(AX16:BF16),"-") -> 41 | BH16: =IF(AND(N16>0,AK16>0),MIN(N16,AK16),"-") -> 7 | BI16: =IF(AND(O16>0,AL16>0),MIN(O16,AL16),"-") -> 4 | BJ16: =IF(AND(P16>0,AM16>0),MIN(P16,AM16),"-") -> 4 | BK16: =IF(AND(Q16>0,AN16>0),MIN(Q16,AN16),"-") -> 6 | BL16: =IF(AND(R16>0,AO16>0),MIN(R16,AO16),"-") -> 4 | BM16: =IF(AND(S16>0,AP16>0),MIN(S16,AP16),"-") -> 5 | BN16: =IF(AND(T16>0,AQ16>0),MIN(T16,AQ16),"-") -> 3 | BO16: =IF(AND(U16>0,AR16>0),MIN(U16,AR16),"-") -> 5 | BP16: =IF(AND(V16>0,AS16>0),MIN(V16,AS16),"-") -> 4 | BQ16: =IF(COUNTIF(BH16:BP16,"<>-")=9,SUM(BH16:BP16),"-") -> 42 | BR16: =BG16 -> 41 | BS16: =IF(COUNTIF(BQ16:BR16,"<>-")=2,SUM(BQ16:BR16),"-") -> 83 | BT16: =IF(ISNUMBER(BS16),BS16-(C16*Rules!$P$9/100),"-") -> 78 | BU16: =RANK($BT16,$BT$5:$BT$106,1)+COUNTIF(BT$5:BT16,BT16)-1 -> 2 | BV16: =RANK(BT16,$BT$5:$BT$215,1) -> 2 | BW16: =B16 -> MELISSA PALMER | BX16: =C16 -> 20 | BY16: =BT16 -> 78 | CC16: 12 | CD16: =VLOOKUP(CC16,$BU$5:BY$215,2,FALSE) -> 12 | CE16: =VLOOKUP(CC16,$BU$5:BY$215,3,FALSE) -> MELISSA SAVIO | CF16: =VLOOKUP(CC16,$BU$5:BY$215,5,FALSE) -> 85.25 | CL16: 1
... A20: 16 | B20: ='A Div'!A20 & " " & 'A Div'!B20 -> JUDY VAN DER VEEN | C20: ='A Div'!E20 -> 22 | D20: 5 | E20: 4 | F20: 5 | G20: 7 | H20: 5 | I20: 4 | J20: 6 | K20: 5 | L20: 4 | M20: =IF(COUNTIF(D20:L20,"<>"&"")=9,SUM(D20:L20),"-") -> 45 | N20: 7 | O20: 5 | P20: 4 | Q20: 6 | R20: 5 | S20: 6 | T20: 6 | U20: 6 | V20: 5 | W20: =IF(COUNTIF(N20:V20,"<>"&"")=9,SUM(N20:V20),"-") -> 50 | X20: =IF(AND(ISNUMBER(M20),ISNUMBER(W20)),M20+W20,"-") -> 95 | Y20: =IF(ISNUMBER(X20),X20-C20,"-") -> 73 | AA20: 5 | AB20: 3 | AC20: 7 | AD20: 5 | AE20: 6 | AF20: 3 | AG20: 7 | AH20: 6 | AI20: 5 | AJ20: =IF(COUNTIF(AA20:AI20,"<>"&"")=9,SUM(AA20:AI20),"-") -> 47 | AK20: 7 | AL20: 5 | AM20: 5 | AN20: 5 | AO20: 3 | AP20: 5 | AQ20: 5 | AR20: 7 | AS20: 6 | AT20: =IF(COUNTIF(AK20:AS20,"<>"&"")=9,SUM(AK20:AS20),"-") -> 48 | AU20: =IF(AND(ISNUMBER(AJ20),ISNUMBER(AT20)),AJ20+AT20,"-") -> 95 | AV20: =IF(ISNUMBER(AU20),AU20-C20,"-") -> 73 | AX20: =IF(AND(D20>0,AA20>0),MIN(D20,AA20),"-") -> 5 | AY20: =IF(AND(E20>0,AB20>0),MIN(E20,AB20),"-") -> 3 | AZ20: =IF(AND(F20>0,AC20>0),MIN(F20,AC20),"-") -> 5 | BA20: =IF(AND(G20>0,AD20>0),MIN(G20,AD20),"-") -> 5 | BB20: =IF(AND(H20>0,AE20>0),MIN(H20,AE20),"-") -> 5 | BC20: =IF(AND(I20>0,AF20>0),MIN(I20,AF20),"-") -> 3 | BD20: =IF(AND(J20>0,AG20>0),MIN(J20,AG20),"-") -> 6 | BE20: =IF(AND(K20>0,AH20>0),MIN(K20,AH20),"-") -> 5 | BF20: =IF(AND(L20>0,AI20>0),MIN(L20,AI20),"-") -> 4 | BG20: =IF(COUNTIF(AX20:BF20,"<>-")=9,SUM(AX20:BF20),"-") -> 41 | BH20: =IF(AND(N20>0,AK20>0),MIN(N20,AK20),"-") -> 7 | BI20: =IF(AND(O20>0,AL20>0),MIN(O20,AL20),"-") -> 5 | BJ20: =IF(AND(P20>0,AM20>0),MIN(P20,AM20),"-") -> 4 | BK20: =IF(AND(Q20>0,AN20>0),MIN(Q20,AN20),"-") -> 5 | BL20: =IF(AND(R20>0,AO20>0),MIN(R20,AO20),"-") -> 3 | BM20: =IF(AND(S20>0,AP20>0),MIN(S20,AP20),"-") -> 5 | BN20: =IF(AND(T20>0,AQ20>0),MIN(T20,AQ20),"-") -> 5 | BO20: =IF(AND(U20>0,AR20>0),MIN(U20,AR20),"-") -> 6 | BP20: =IF(AND(V20>0,AS20>0),MIN(V20,AS20),"-") -> 5 | BQ20: =IF(COUNTIF(BH20:BP20,"<>-")=9,SUM(BH20:BP20),"-") -> 45 | BR20: =BG20 -> 41 | BS20: =IF(COUNTIF(BQ20:BR20,"<>-")=2,SUM(BQ20:BR20),"-") -> 86 | BT20: =IF(ISNUMBER(BS20),BS20-(C20*Rules!$P$9/100),"-") -> 80.5 | BU20: =RANK($BT20,$BT$5:$BT$106,1)+COUNTIF(BT$5:BT20,BT20)-1 -> 6 | BV20: =RANK(BT20,$BT$5:$BT$215,1) -> 6 | BW20: =B20 -> JUDY VAN DER VEEN | BX20: =C20 -> 22 | BY20: =BT20 -> 80.5 | CC20: 16 | CD20: =VLOOKUP(CC20,$BU$5:BY$215,2,FALSE) -> 16 | CE20: =VLOOKUP(CC20,$BU$5:BY$215,3,FALSE) -> RENE LADELL | CF20: =VLOOKUP(CC20,$BU$5:BY$215,5,FALSE) -> 97 | CL20: 1
A21: 17 | B21: ='A Div'!A21 & " " & 'A Div'!B21 | C21: ='A Div'!E21 -> - | M21: =IF(COUNTIF(D21:L21,"<>"&"")=9,SUM(D21:L21),"-") -> - | W21: =IF(COUNTIF(N21:V21,"<>"&"")=9,SUM(N21:V21),"-") -> - | X21: =IF(AND(ISNUMBER(M21),ISNUMBER(W21)),M21+W21,"-") -> - | Y21: =IF(ISNUMBER(X21),X21-C21,"-") -> - | AJ21: =IF(COUNTIF(AA21:AI21,"<>"&"")=9,SUM(AA21:AI21),"-") -> - | AT21: =IF(COUNTIF(AK21:AS21,"<>"&"")=9,SUM(AK21:AS21),"-") -> - | AU21: =IF(AND(ISNUMBER(AJ21),ISNUMBER(AT21)),AJ21+AT21,"-") -> - | AV21: =IF(ISNUMBER(AU21),AU21-C21,"-") -> - | AX21: =IF(AND(D21>0,AA21>0),MIN(D21,AA21),"-") -> - | AY21: =IF(AND(E21>0,AB21>0),MIN(E21,AB21),"-") -> - | AZ21: =IF(AND(F21>0,AC21>0),MIN(F21,AC21),"-") -> - | BA21: =IF(AND(G21>0,AD21>0),MIN(G21,AD21),"-") -> - | BB21: =IF(AND(H21>0,AE21>0),MIN(H21,AE21),"-") -> - | BC21: =IF(AND(I21>0,AF21>0),MIN(I21,AF21),"-") -> - | BD21: =IF(AND(J21>0,AG21>0),MIN(J21,AG21),"-") -> - | BE21: =IF(AND(K21>0,AH21>0),MIN(K21,AH21),"-") -> - | BF21: =IF(AND(L21>0,AI21>0),MIN(L21,AI21),"-") -> - | BG21: =IF(COUNTIF(AX21:BF21,"<>-")=9,SUM(AX21:BF21),"-") -> - | BH21: =IF(AND(N21>0,AK21>0),MIN(N21,AK21),"-") -> - | BI21: =IF(AND(O21>0,AL21>0),MIN(O21,AL21),"-") -> - | BJ21: =IF(AND(P21>0,AM21>0),MIN(P21,AM21),"-") -> - | BK21: =IF(AND(Q21>0,AN21>0),MIN(Q21,AN21),"-") -> - | BL21: =IF(AND(R21>0,AO21>0),MIN(R21,AO21),"-") -> - | BM21: =IF(AND(S21>0,AP21>0),MIN(S21,AP21),"-") -> - | BN21: =IF(AND(T21>0,AQ21>0),MIN(T21,AQ21),"-") -> - | BO21: =IF(AND(U21>0,AR21>0),MIN(U21,AR21),"-") -> - | BP21: =IF(AND(V21>0,AS21>0),MIN(V21,AS21),"-") -> - | BQ21: =IF(COUNTIF(BH21:BP21,"<>-")=9,SUM(BH21:BP21),"-") -> - | BR21: =BG21 -> - | BS21: =IF(COUNTIF(BQ21:BR21,"<>-")=2,SUM(BQ21:BR21),"-") -> - | BT21: =IF(ISNUMBER(BS21),BS21-(C21*Rules!$P$9/100),"-") -> - | BU21: =RANK($BT21,$BT$5:$BT$106,1)+COUNTIF(BT$5:BT21,BT21)-1 -> #VALUE! | BV21: =RANK(BT21,$BT$5:$BT$215,1) -> #VALUE! | BW21: =B21 | BX21: =C21 -> - | BY21: =BT21 -> - | CC21: 17 | CD21: =VLOOKUP(CC21,$BU$5:BY$215,2,FALSE) -> #N/A | CE21: =VLOOKUP(CC21,$BU$5:BY$215,3,FALSE) -> #N/A | CF21: =VLOOKUP(CC21,$BU$5:BY$215,5,FALSE) -> #N/A | CL21: 1
A22: 18 | B22: ='A Div'!A22 & " " & 'A Div'!B22 | C22: ='A Div'!E22 -> - | M22: =IF(COUNTIF(D22:L22,"<>"&"")=9,SUM(D22:L22),"-") -> - | W22: =IF(COUNTIF(N22:V22,"<>"&"")=9,SUM(N22:V22),"-") -> - | X22: =IF(AND(ISNUMBER(M22),ISNUMBER(W22)),M22+W22,"-") -> - | Y22: =IF(ISNUMBER(X22),X22-C22,"-") -> - | AJ22: =IF(COUNTIF(AA22:AI22,"<>"&"")=9,SUM(AA22:AI22),"-") -> - | AT22: =IF(COUNTIF(AK22:AS22,"<>"&"")=9,SUM(AK22:AS22),"-") -> - | AU22: =IF(AND(ISNUMBER(AJ22),ISNUMBER(AT22)),AJ22+AT22,"-") -> - | AV22: =IF(ISNUMBER(AU22),AU22-C22,"-") -> - | AX22: =IF(AND(D22>0,AA22>0),MIN(D22,AA22),"-") -> - | AY22: =IF(AND(E22>0,AB22>0),MIN(E22,AB22),"-") -> - | AZ22: =IF(AND(F22>0,AC22>0),MIN(F22,AC22),"-") -> - | BA22: =IF(AND(G22>0,AD22>0),MIN(G22,AD22),"-") -> - | BB22: =IF(AND(H22>0,AE22>0),MIN(H22,AE22),"-") -> - | BC22: =IF(AND(I22>0,AF22>0),MIN(I22,AF22),"-") -> - | BD22: =IF(AND(J22>0,AG22>0),MIN(J22,AG22),"-") -> - | BE22: =IF(AND(K22>0,AH22>0),MIN(K22,AH22),"-") -> - | BF22: =IF(AND(L22>0,AI22>0),MIN(L22,AI22),"-") -> - | BG22: =IF(COUNTIF(AX22:BF22,"<>-")=9,SUM(AX22:BF22),"-") -> - | BH22: =IF(AND(N22>0,AK22>0),MIN(N22,AK22),"-") -> - | BI22: =IF(AND(O22>0,AL22>0),MIN(O22,AL22),"-") -> - | BJ22: =IF(AND(P22>0,AM22>0),MIN(P22,AM22),"-") -> - | BK22: =IF(AND(Q22>0,AN22>0),MIN(Q22,AN22),"-") -> - | BL22: =IF(AND(R22>0,AO22>0),MIN(R22,AO22),"-") -> - | BM22: =IF(AND(S22>0,AP22>0),MIN(S22,AP22),"-") -> - | BN22: =IF(AND(T22>0,AQ22>0),MIN(T22,AQ22),"-") -> - | BO22: =IF(AND(U22>0,AR22>0),MIN(U22,AR22),"-") -> - | BP22: =IF(AND(V22>0,AS22>0),MIN(V22,AS22),"-") -> - | BQ22: =IF(COUNTIF(BH22:BP22,"<>-")=9,SUM(BH22:BP22),"-") -> - | BR22: =BG22 -> - | BS22: =IF(COUNTIF(BQ22:BR22,"<>-")=2,SUM(BQ22:BR22),"-") -> - | BT22: =IF(ISNUMBER(BS22),BS22-(C22*Rules!$P$9/100),"-") -> - | BU22: =RANK($BT22,$BT$5:$BT$106,1)+COUNTIF(BT$5:BT22,BT22)-1 -> #VALUE! | BV22: =RANK(BT22,$BT$5:$BT$215,1) -> #VALUE! | BW22: =B22 | BX22: =C22 -> - | BY22: =BT22 -> - | CC22: 18 | CD22: =VLOOKUP(CC22,$BU$5:BY$215,2,FALSE) -> #N/A | CE22: =VLOOKUP(CC22,$BU$5:BY$215,3,FALSE) -> #N/A | CF22: =VLOOKUP(CC22,$BU$5:BY$215,5,FALSE) -> #N/A | CL22: 1
A23: 19 | B23: ='A Div'!A23 & " " & 'A Div'!B23 | C23: ='A Div'!E23 -> - | M23: =IF(COUNTIF(D23:L23,"<>"&"")=9,SUM(D23:L23),"-") -> - | W23: =IF(COUNTIF(N23:V23,"<>"&"")=9,SUM(N23:V23),"-") -> - | X23: =IF(AND(ISNUMBER(M23),ISNUMBER(W23)),M23+W23,"-") -> - | Y23: =IF(ISNUMBER(X23),X23-C23,"-") -> - | AJ23: =IF(COUNTIF(AA23:AI23,"<>"&"")=9,SUM(AA23:AI23),"-") -> - | AT23: =IF(COUNTIF(AK23:AS23,"<>"&"")=9,SUM(AK23:AS23),"-") -> - | AU23: =IF(AND(ISNUMBER(AJ23),ISNUMBER(AT23)),AJ23+AT23,"-") -> - | AV23: =IF(ISNUMBER(AU23),AU23-C23,"-") -> - | AX23: =IF(AND(D23>0,AA23>0),MIN(D23,AA23),"-") -> - | AY23: =IF(AND(E23>0,AB23>0),MIN(E23,AB23),"-") -> - | AZ23: =IF(AND(F23>0,AC23>0),MIN(F23,AC23),"-") -> - | BA23: =IF(AND(G23>0,AD23>0),MIN(G23,AD23),"-") -> - | BB23: =IF(AND(H23>0,AE23>0),MIN(H23,AE23),"-") -> - | BC23: =IF(AND(I23>0,AF23>0),MIN(I23,AF23),"-") -> - | BD23: =IF(AND(J23>0,AG23>0),MIN(J23,AG23),"-") -> - | BE23: =IF(AND(K23>0,AH23>0),MIN(K23,AH23),"-") -> - | BF23: =IF(AND(L23>0,AI23>0),MIN(L23,AI23),"-") -> - | BG23: =IF(COUNTIF(AX23:BF23,"<>-")=9,SUM(AX23:BF23),"-") -> - | BH23: =IF(AND(N23>0,AK23>0),MIN(N23,AK23),"-") -> - | BI23: =IF(AND(O23>0,AL23>0),MIN(O23,AL23),"-") -> - | BJ23: =IF(AND(P23>0,AM23>0),MIN(P23,AM23),"-") -> - | BK23: =IF(AND(Q23>0,AN23>0),MIN(Q23,AN23),"-") -> - | BL23: =IF(AND(R23>0,AO23>0),MIN(R23,AO23),"-") -> - | BM23: =IF(AND(S23>0,AP23>0),MIN(S23,AP23),"-") -> - | BN23: =IF(AND(T23>0,AQ23>0),MIN(T23,AQ23),"-") -> - | BO23: =IF(AND(U23>0,AR23>0),MIN(U23,AR23),"-") -> - | BP23: =IF(AND(V23>0,AS23>0),MIN(V23,AS23),"-") -> - | BQ23: =IF(COUNTIF(BH23:BP23,"<>-")=9,SUM(BH23:BP23),"-") -> - | BR23: =BG23 -> - | BS23: =IF(COUNTIF(BQ23:BR23,"<>-")=2,SUM(BQ23:BR23),"-") -> - | BT23: =IF(ISNUMBER(BS23),BS23-(C23*Rules!$P$9/100),"-") -> - | BU23: =RANK($BT23,$BT$5:$BT$106,1)+COUNTIF(BT$5:BT23,BT23)-1 -> #VALUE! | BV23: =RANK(BT23,$BT$5:$BT$215,1) -> #VALUE! | BW23: =B23 | BX23: =C23 -> - | BY23: =BT23 -> - | CC23: 19 | CD23: =VLOOKUP(CC23,$BU$5:BY$215,2,FALSE) -> #N/A | CE23: =VLOOKUP(CC23,$BU$5:BY$215,3,FALSE) -> #N/A | CF23: =VLOOKUP(CC23,$BU$5:BY$215,5,FALSE) -> #N/A | CL23: 1
A24: 20 | B24: ='A Div'!A24 & " " & 'A Div'!B24 | C24: ='A Div'!E24 -> - | M24: =IF(COUNTIF(D24:L24,"<>"&"")=9,SUM(D24:L24),"-") -> - | W24: =IF(COUNTIF(N24:V24,"<>"&"")=9,SUM(N24:V24),"-") -> - | X24: =IF(AND(ISNUMBER(M24),ISNUMBER(W24)),M24+W24,"-") -> - | Y24: =IF(ISNUMBER(X24),X24-C24,"-") -> - | AJ24: =IF(COUNTIF(AA24:AI24,"<>"&"")=9,SUM(AA24:AI24),"-") -> - | AT24: =IF(COUNTIF(AK24:AS24,"<>"&"")=9,SUM(AK24:AS24),"-") -> - | AU24: =IF(AND(ISNUMBER(AJ24),ISNUMBER(AT24)),AJ24+AT24,"-") -> - | AV24: =IF(ISNUMBER(AU24),AU24-C24,"-") -> - | AX24: =IF(AND(D24>0,AA24>0),MIN(D24,AA24),"-") -> - | AY24: =IF(AND(E24>0,AB24>0),MIN(E24,AB24),"-") -> - | AZ24: =IF(AND(F24>0,AC24>0),MIN(F24,AC24),"-") -> - | BA24: =IF(AND(G24>0,AD24>0),MIN(G24,AD24),"-") -> - | BB24: =IF(AND(H24>0,AE24>0),MIN(H24,AE24),"-") -> - | BC24: =IF(AND(I24>0,AF24>0),MIN(I24,AF24),"-") -> - | BD24: =IF(AND(J24>0,AG24>0),MIN(J24,AG24),"-") -> - | BE24: =IF(AND(K24>0,AH24>0),MIN(K24,AH24),"-") -> - | BF24: =IF(AND(L24>0,AI24>0),MIN(L24,AI24),"-") -> - | BG24: =IF(COUNTIF(AX24:BF24,"<>-")=9,SUM(AX24:BF24),"-") -> - | BH24: =IF(AND(N24>0,AK24>0),MIN(N24,AK24),"-") -> - | BI24: =IF(AND(O24>0,AL24>0),MIN(O24,AL24),"-") -> - | BJ24: =IF(AND(P24>0,AM24>0),MIN(P24,AM24),"-") -> - | BK24: =IF(AND(Q24>0,AN24>0),MIN(Q24,AN24),"-") -> - | BL24: =IF(AND(R24>0,AO24>0),MIN(R24,AO24),"-") -> - | BM24: =IF(AND(S24>0,AP24>0),MIN(S24,AP24),"-") -> - | BN24: =IF(AND(T24>0,AQ24>0),MIN(T24,AQ24),"-") -> - | BO24: =IF(AND(U24>0,AR24>0),MIN(U24,AR24),"-") -> - | BP24: =IF(AND(V24>0,AS24>0),MIN(V24,AS24),"-") -> - | BQ24: =IF(COUNTIF(BH24:BP24,"<>-")=9,SUM(BH24:BP24),"-") -> - | BR24: =BG24 -> - | BS24: =IF(COUNTIF(BQ24:BR24,"<>-")=2,SUM(BQ24:BR24),"-") -> - | BT24: =IF(ISNUMBER(BS24),BS24-(C24*Rules!$P$9/100),"-") -> - | BU24: =RANK($BT24,$BT$5:$BT$106,1)+COUNTIF(BT$5:BT24,BT24)-1 -> #VALUE! | BV24: =RANK(BT24,$BT$5:$BT$215,1) -> #VALUE! | BW24: =B24 | BX24: =C24 -> - | BY24: =BT24 -> - | CC24: 20 | CD24: =VLOOKUP(CC24,$BU$5:BY$215,2,FALSE) -> #N/A | CE24: =VLOOKUP(CC24,$BU$5:BY$215,3,FALSE) -> #N/A | CF24: =VLOOKUP(CC24,$BU$5:BY$215,5,FALSE) -> #N/A | CL24: 1
A25: 21 | B25: ='A Div'!A25 & " " & 'A Div'!B25 | C25: ='A Div'!E25 -> - | M25: =IF(COUNTIF(D25:L25,"<>"&"")=9,SUM(D25:L25),"-") -> - | W25: =IF(COUNTIF(N25:V25,"<>"&"")=9,SUM(N25:V25),"-") -> - | X25: =IF(AND(ISNUMBER(M25),ISNUMBER(W25)),M25+W25,"-") -> - | Y25: =IF(ISNUMBER(X25),X25-C25,"-") -> - | AJ25: =IF(COUNTIF(AA25:AI25,"<>"&"")=9,SUM(AA25:AI25),"-") -> - | AT25: =IF(COUNTIF(AK25:AS25,"<>"&"")=9,SUM(AK25:AS25),"-") -> - | AU25: =IF(AND(ISNUMBER(AJ25),ISNUMBER(AT25)),AJ25+AT25,"-") -> - | AV25: =IF(ISNUMBER(AU25),AU25-C25,"-") -> - | AX25: =IF(AND(D25>0,AA25>0),MIN(D25,AA25),"-") -> - | AY25: =IF(AND(E25>0,AB25>0),MIN(E25,AB25),"-") -> - | AZ25: =IF(AND(F25>0,AC25>0),MIN(F25,AC25),"-") -> - | BA25: =IF(AND(G25>0,AD25>0),MIN(G25,AD25),"-") -> - | BB25: =IF(AND(H25>0,AE25>0),MIN(H25,AE25),"-") -> - | BC25: =IF(AND(I25>0,AF25>0),MIN(I25,AF25),"-") -> - | BD25: =IF(AND(J25>0,AG25>0),MIN(J25,AG25),"-") -> - | BE25: =IF(AND(K25>0,AH25>0),MIN(K25,AH25),"-") -> - | BF25: =IF(AND(L25>0,AI25>0),MIN(L25,AI25),"-") -> - | BG25: =IF(COUNTIF(AX25:BF25,"<>-")=9,SUM(AX25:BF25),"-") -> - | BH25: =IF(AND(N25>0,AK25>0),MIN(N25,AK25),"-") -> - | BI25: =IF(AND(O25>0,AL25>0),MIN(O25,AL25),"-") -> - | BJ25: =IF(AND(P25>0,AM25>0),MIN(P25,AM25),"-") -> - | BK25: =IF(AND(Q25>0,AN25>0),MIN(Q25,AN25),"-") -> - | BL25: =IF(AND(R25>0,AO25>0),MIN(R25,AO25),"-") -> - | BM25: =IF(AND(S25>0,AP25>0),MIN(S25,AP25),"-") -> - | BN25: =IF(AND(T25>0,AQ25>0),MIN(T25,AQ25),"-") -> - | BO25: =IF(AND(U25>0,AR25>0),MIN(U25,AR25),"-") -> - | BP25: =IF(AND(V25>0,AS25>0),MIN(V25,AS25),"-") -> - | BQ25: =IF(COUNTIF(BH25:BP25,"<>-")=9,SUM(BH25:BP25),"-") -> - | BR25: =BG25 -> - | BS25: =IF(COUNTIF(BQ25:BR25,"<>-")=2,SUM(BQ25:BR25),"-") -> - | BT25: =IF(ISNUMBER(BS25),BS25-(C25*Rules!$P$9/100),"-") -> - | BU25: =RANK($BT25,$BT$5:$BT$106,1)+COUNTIF(BT$5:BT25,BT25)-1 -> #VALUE! | BV25: =RANK(BT25,$BT$5:$BT$215,1) -> #VALUE! | BW25: =B25 | BX25: =C25 -> - | BY25: =BT25 -> - | CC25: 21 | CD25: =VLOOKUP(CC25,$BU$5:BY$215,2,FALSE) -> #N/A | CE25: =VLOOKUP(CC25,$BU$5:BY$215,3,FALSE) -> #N/A | CF25: =VLOOKUP(CC25,$BU$5:BY$215,5,FALSE) -> #N/A | CL25: 1
A26: 22 | B26: ='A Div'!A26 & " " & 'A Div'!B26 | C26: ='A Div'!E26 -> - | M26: =IF(COUNTIF(D26:L26,"<>"&"")=9,SUM(D26:L26),"-") -> - | W26: =IF(COUNTIF(N26:V26,"<>"&"")=9,SUM(N26:V26),"-") -> - | X26: =IF(AND(ISNUMBER(M26),ISNUMBER(W26)),M26+W26,"-") -> - | Y26: =IF(ISNUMBER(X26),X26-C26,"-") -> - | AJ26: =IF(COUNTIF(AA26:AI26,"<>"&"")=9,SUM(AA26:AI26),"-") -> - | AT26: =IF(COUNTIF(AK26:AS26,"<>"&"")=9,SUM(AK26:AS26),"-") -> - | AU26: =IF(AND(ISNUMBER(AJ26),ISNUMBER(AT26)),AJ26+AT26,"-") -> - | AV26: =IF(ISNUMBER(AU26),AU26-C26,"-") -> - | AX26: =IF(AND(D26>0,AA26>0),MIN(D26,AA26),"-") -> - | AY26: =IF(AND(E26>0,AB26>0),MIN(E26,AB26),"-") -> - | AZ26: =IF(AND(F26>0,AC26>0),MIN(F26,AC26),"-") -> - | BA26: =IF(AND(G26>0,AD26>0),MIN(G26,AD26),"-") -> - | BB26: =IF(AND(H26>0,AE26>0),MIN(H26,AE26),"-") -> - | BC26: =IF(AND(I26>0,AF26>0),MIN(I26,AF26),"-") -> - | BD26: =IF(AND(J26>0,AG26>0),MIN(J26,AG26),"-") -> - | BE26: =IF(AND(K26>0,AH26>0),MIN(K26,AH26),"-") -> - | BF26: =IF(AND(L26>0,AI26>0),MIN(L26,AI26),"-") -> - | BG26: =IF(COUNTIF(AX26:BF26,"<>-")=9,SUM(AX26:BF26),"-") -> - | BH26: =IF(AND(N26>0,AK26>0),MIN(N26,AK26),"-") -> - | BI26: =IF(AND(O26>0,AL26>0),MIN(O26,AL26),"-") -> - | BJ26: =IF(AND(P26>0,AM26>0),MIN(P26,AM26),"-") -> - | BK26: =IF(AND(Q26>0,AN26>0),MIN(Q26,AN26),"-") -> - | BL26: =IF(AND(R26>0,AO26>0),MIN(R26,AO26),"-") -> - | BM26: =IF(AND(S26>0,AP26>0),MIN(S26,AP26),"-") -> - | BN26: =IF(AND(T26>0,AQ26>0),MIN(T26,AQ26),"-") -> - | BO26: =IF(AND(U26>0,AR26>0),MIN(U26,AR26),"-") -> - | BP26: =IF(AND(V26>0,AS26>0),MIN(V26,AS26),"-") -> - | BQ26: =IF(COUNTIF(BH26:BP26,"<>-")=9,SUM(BH26:BP26),"-") -> - | BR26: =BG26 -> - | BS26: =IF(COUNTIF(BQ26:BR26,"<>-")=2,SUM(BQ26:BR26),"-") -> - | BT26: =IF(ISNUMBER(BS26),BS26-(C26*Rules!$P$9/100),"-") -> - | BU26: =RANK($BT26,$BT$5:$BT$106,1)+COUNTIF(BT$5:BT26,BT26)-1 -> #VALUE! | BV26: =RANK(BT26,$BT$5:$BT$215,1) -> #VALUE! | BW26: =B26 | BX26: =C26 -> - | BY26: =BT26 -> - | CC26: 22 | CD26: =VLOOKUP(CC26,$BU$5:BY$215,2,FALSE) -> #N/A | CE26: =VLOOKUP(CC26,$BU$5:BY$215,3,FALSE) -> #N/A | CF26: =VLOOKUP(CC26,$BU$5:BY$215,5,FALSE) -> #N/A | CL26: 1
A27: 23 | B27: ='A Div'!A27 & " " & 'A Div'!B27 | C27: ='A Div'!E27 -> - | M27: =IF(COUNTIF(D27:L27,"<>"&"")=9,SUM(D27:L27),"-") -> - | W27: =IF(COUNTIF(N27:V27,"<>"&"")=9,SUM(N27:V27),"-") -> - | X27: =IF(AND(ISNUMBER(M27),ISNUMBER(W27)),M27+W27,"-") -> - | Y27: =IF(ISNUMBER(X27),X27-C27,"-") -> - | AJ27: =IF(COUNTIF(AA27:AI27,"<>"&"")=9,SUM(AA27:AI27),"-") -> - | AT27: =IF(COUNTIF(AK27:AS27,"<>"&"")=9,SUM(AK27:AS27),"-") -> - | AU27: =IF(AND(ISNUMBER(AJ27),ISNUMBER(AT27)),AJ27+AT27,"-") -> - | AV27: =IF(ISNUMBER(AU27),AU27-C27,"-") -> - | AX27: =IF(AND(D27>0,AA27>0),MIN(D27,AA27),"-") -> - | AY27: =IF(AND(E27>0,AB27>0),MIN(E27,AB27),"-") -> - | AZ27: =IF(AND(F27>0,AC27>0),MIN(F27,AC27),"-") -> - | BA27: =IF(AND(G27>0,AD27>0),MIN(G27,AD27),"-") -> - | BB27: =IF(AND(H27>0,AE27>0),MIN(H27,AE27),"-") -> - | BC27: =IF(AND(I27>0,AF27>0),MIN(I27,AF27),"-") -> - | BD27: =IF(AND(J27>0,AG27>0),MIN(J27,AG27),"-") -> - | BE27: =IF(AND(K27>0,AH27>0),MIN(K27,AH27),"-") -> - | BF27: =IF(AND(L27>0,AI27>0),MIN(L27,AI27),"-") -> - | BG27: =IF(COUNTIF(AX27:BF27,"<>-")=9,SUM(AX27:BF27),"-") -> - | BH27: =IF(AND(N27>0,AK27>0),MIN(N27,AK27),"-") -> - | BI27: =IF(AND(O27>0,AL27>0),MIN(O27,AL27),"-") -> - | BJ27: =IF(AND(P27>0,AM27>0),MIN(P27,AM27),"-") -> - | BK27: =IF(AND(Q27>0,AN27>0),MIN(Q27,AN27),"-") -> - | BL27: =IF(AND(R27>0,AO27>0),MIN(R27,AO27),"-") -> - | BM27: =IF(AND(S27>0,AP27>0),MIN(S27,AP27),"-") -> - | BN27: =IF(AND(T27>0,AQ27>0),MIN(T27,AQ27),"-") -> - | BO27: =IF(AND(U27>0,AR27>0),MIN(U27,AR27),"-") -> - | BP27: =IF(AND(V27>0,AS27>0),MIN(V27,AS27),"-") -> - | BQ27: =IF(COUNTIF(BH27:BP27,"<>-")=9,SUM(BH27:BP27),"-") -> - | BR27: =BG27 -> - | BS27: =IF(COUNTIF(BQ27:BR27,"<>-")=2,SUM(BQ27:BR27),"-") -> - | BT27: =IF(ISNUMBER(BS27),BS27-(C27*Rules!$P$9/100),"-") -> - | BU27: =RANK($BT27,$BT$5:$BT$106,1)+COUNTIF(BT$5:BT27,BT27)-1 -> #VALUE! | BV27: =RANK(BT27,$BT$5:$BT$215,1) -> #VALUE! | BW27: =B27 | BX27: =C27 -> - | BY27: =BT27 -> - | CC27: 23 | CD27: =VLOOKUP(CC27,$BU$5:BY$215,2,FALSE) -> #N/A | CE27: =VLOOKUP(CC27,$BU$5:BY$215,3,FALSE) -> #N/A | CF27: =VLOOKUP(CC27,$BU$5:BY$215,5,FALSE) -> #N/A | CL27: 1
A28: 24 | B28: ='A Div'!A28 & " " & 'A Div'!B28 | C28: ='A Div'!E28 -> - | M28: =IF(COUNTIF(D28:L28,"<>"&"")=9,SUM(D28:L28),"-") -> - | W28: =IF(COUNTIF(N28:V28,"<>"&"")=9,SUM(N28:V28),"-") -> - | X28: =IF(AND(ISNUMBER(M28),ISNUMBER(W28)),M28+W28,"-") -> - | Y28: =IF(ISNUMBER(X28),X28-C28,"-") -> - | AJ28: =IF(COUNTIF(AA28:AI28,"<>"&"")=9,SUM(AA28:AI28),"-") -> - | AT28: =IF(COUNTIF(AK28:AS28,"<>"&"")=9,SUM(AK28:AS28),"-") -> - | AU28: =IF(AND(ISNUMBER(AJ28),ISNUMBER(AT28)),AJ28+AT28,"-") -> - | AV28: =IF(ISNUMBER(AU28),AU28-C28,"-") -> - | AX28: =IF(AND(D28>0,AA28>0),MIN(D28,AA28),"-") -> - | AY28: =IF(AND(E28>0,AB28>0),MIN(E28,AB28),"-") -> - | AZ28: =IF(AND(F28>0,AC28>0),MIN(F28,AC28),"-") -> - | BA28: =IF(AND(G28>0,AD28>0),MIN(G28,AD28),"-") -> - | BB28: =IF(AND(H28>0,AE28>0),MIN(H28,AE28),"-") -> - | BC28: =IF(AND(I28>0,AF28>0),MIN(I28,AF28),"-") -> - | BD28: =IF(AND(J28>0,AG28>0),MIN(J28,AG28),"-") -> - | BE28: =IF(AND(K28>0,AH28>0),MIN(K28,AH28),"-") -> - | BF28: =IF(AND(L28>0,AI28>0),MIN(L28,AI28),"-") -> - | BG28: =IF(COUNTIF(AX28:BF28,"<>-")=9,SUM(AX28:BF28),"-") -> - | BH28: =IF(AND(N28>0,AK28>0),MIN(N28,AK28),"-") -> - | BI28: =IF(AND(O28>0,AL28>0),MIN(O28,AL28),"-") -> - | BJ28: =IF(AND(P28>0,AM28>0),MIN(P28,AM28),"-") -> - | BK28: =IF(AND(Q28>0,AN28>0),MIN(Q28,AN28),"-") -> - | BL28: =IF(AND(R28>0,AO28>0),MIN(R28,AO28),"-") -> - | BM28: =IF(AND(S28>0,AP28>0),MIN(S28,AP28),"-") -> - | BN28: =IF(AND(T28>0,AQ28>0),MIN(T28,AQ28),"-") -> - | BO28: =IF(AND(U28>0,AR28>0),MIN(U28,AR28),"-") -> - | BP28: =IF(AND(V28>0,AS28>0),MIN(V28,AS28),"-") -> - | BQ28: =IF(COUNTIF(BH28:BP28,"<>-")=9,SUM(BH28:BP28),"-") -> - | BR28: =BG28 -> - | BS28: =IF(COUNTIF(BQ28:BR28,"<>-")=2,SUM(BQ28:BR28),"-") -> - | BT28: =IF(ISNUMBER(BS28),BS28-(C28*Rules!$P$9/100),"-") -> - | BU28: =RANK($BT28,$BT$5:$BT$106,1)+COUNTIF(BT$5:BT28,BT28)-1 -> #VALUE! | BV28: =RANK(BT28,$BT$5:$BT$215,1) -> #VALUE! | BW28: =B28 | BX28: =C28 -> - | BY28: =BT28 -> - | CC28: 24 | CD28: =VLOOKUP(CC28,$BU$5:BY$215,2,FALSE) -> #N/A | CE28: =VLOOKUP(CC28,$BU$5:BY$215,3,FALSE) -> #N/A | CF28: =VLOOKUP(CC28,$BU$5:BY$215,5,FALSE) -> #N/A | CL28: 1
A29: 25 | B29: ='A Div'!A29 & " " & 'A Div'!B29 | C29: ='A Div'!E29 -> - | M29: =IF(COUNTIF(D29:L29,"<>"&"")=9,SUM(D29:L29),"-") -> - | W29: =IF(COUNTIF(N29:V29,"<>"&"")=9,SUM(N29:V29),"-") -> - | X29: =IF(AND(ISNUMBER(M29),ISNUMBER(W29)),M29+W29,"-") -> - | Y29: =IF(ISNUMBER(X29),X29-C29,"-") -> - | AJ29: =IF(COUNTIF(AA29:AI29,"<>"&"")=9,SUM(AA29:AI29),"-") -> - | AT29: =IF(COUNTIF(AK29:AS29,"<>"&"")=9,SUM(AK29:AS29),"-") -> - | AU29: =IF(AND(ISNUMBER(AJ29),ISNUMBER(AT29)),AJ29+AT29,"-") -> - | AV29: =IF(ISNUMBER(AU29),AU29-C29,"-") -> - | AX29: =IF(AND(D29>0,AA29>0),MIN(D29,AA29),"-") -> - | AY29: =IF(AND(E29>0,AB29>0),MIN(E29,AB29),"-") -> - | AZ29: =IF(AND(F29>0,AC29>0),MIN(F29,AC29),"-") -> - | BA29: =IF(AND(G29>0,AD29>0),MIN(G29,AD29),"-") -> - | BB29: =IF(AND(H29>0,AE29>0),MIN(H29,AE29),"-") -> - | BC29: =IF(AND(I29>0,AF29>0),MIN(I29,AF29),"-") -> - | BD29: =IF(AND(J29>0,AG29>0),MIN(J29,AG29),"-") -> - | BE29: =IF(AND(K29>0,AH29>0),MIN(K29,AH29),"-") -> - | BF29: =IF(AND(L29>0,AI29>0),MIN(L29,AI29),"-") -> - | BG29: =IF(COUNTIF(AX29:BF29,"<>-")=9,SUM(AX29:BF29),"-") -> - | BH29: =IF(AND(N29>0,AK29>0),MIN(N29,AK29),"-") -> - | BI29: =IF(AND(O29>0,AL29>0),MIN(O29,AL29),"-") -> - | BJ29: =IF(AND(P29>0,AM29>0),MIN(P29,AM29),"-") -> - | BK29: =IF(AND(Q29>0,AN29>0),MIN(Q29,AN29),"-") -> - | BL29: =IF(AND(R29>0,AO29>0),MIN(R29,AO29),"-") -> - | BM29: =IF(AND(S29>0,AP29>0),MIN(S29,AP29),"-") -> - | BN29: =IF(AND(T29>0,AQ29>0),MIN(T29,AQ29),"-") -> - | BO29: =IF(AND(U29>0,AR29>0),MIN(U29,AR29),"-") -> - | BP29: =IF(AND(V29>0,AS29>0),MIN(V29,AS29),"-") -> - | BQ29: =IF(COUNTIF(BH29:BP29,"<>-")=9,SUM(BH29:BP29),"-") -> - | BR29: =BG29 -> - | BS29: =IF(COUNTIF(BQ29:BR29,"<>-")=2,SUM(BQ29:BR29),"-") -> - | BT29: =IF(ISNUMBER(BS29),BS29-(C29*Rules!$P$9/100),"-") -> - | BU29: =RANK($BT29,$BT$5:$BT$106,1)+COUNTIF(BT$5:BT29,BT29)-1 -> #VALUE! | BV29: =RANK(BT29,$BT$5:$BT$215,1) -> #VALUE! | BW29: =B29 | BX29: =C29 -> - | BY29: =BT29 -> - | CC29: 25 | CD29: =VLOOKUP(CC29,$BU$5:BY$215,2,FALSE) -> #N/A | CE29: =VLOOKUP(CC29,$BU$5:BY$215,3,FALSE) -> #N/A | CF29: =VLOOKUP(CC29,$BU$5:BY$215,5,FALSE) -> #N/A | CL29: 1
A30: 26 | B30: ='A Div'!A30 & " " & 'A Div'!B30 | C30: ='A Div'!E30 -> - | M30: =IF(COUNTIF(D30:L30,"<>"&"")=9,SUM(D30:L30),"-") -> - | W30: =IF(COUNTIF(N30:V30,"<>"&"")=9,SUM(N30:V30),"-") -> - | X30: =IF(AND(ISNUMBER(M30),ISNUMBER(W30)),M30+W30,"-") -> - | Y30: =IF(ISNUMBER(X30),X30-C30,"-") -> - | AJ30: =IF(COUNTIF(AA30:AI30,"<>"&"")=9,SUM(AA30:AI30),"-") -> - | AT30: =IF(COUNTIF(AK30:AS30,"<>"&"")=9,SUM(AK30:AS30),"-") -> - | AU30: =IF(AND(ISNUMBER(AJ30),ISNUMBER(AT30)),AJ30+AT30,"-") -> - | AV30: =IF(ISNUMBER(AU30),AU30-C30,"-") -> - | AX30: =IF(AND(D30>0,AA30>0),MIN(D30,AA30),"-") -> - | AY30: =IF(AND(E30>0,AB30>0),MIN(E30,AB30),"-") -> - | AZ30: =IF(AND(F30>0,AC30>0),MIN(F30,AC30),"-") -> - | BA30: =IF(AND(G30>0,AD30>0),MIN(G30,AD30),"-") -> - | BB30: =IF(AND(H30>0,AE30>0),MIN(H30,AE30),"-") -> - | BC30: =IF(AND(I30>0,AF30>0),MIN(I30,AF30),"-") -> - | BD30: =IF(AND(J30>0,AG30>0),MIN(J30,AG30),"-") -> - | BE30: =IF(AND(K30>0,AH30>0),MIN(K30,AH30),"-") -> - | BF30: =IF(AND(L30>0,AI30>0),MIN(L30,AI30),"-") -> - | BG30: =IF(COUNTIF(AX30:BF30,"<>-")=9,SUM(AX30:BF30),"-") -> - | BH30: =IF(AND(N30>0,AK30>0),MIN(N30,AK30),"-") -> - | BI30: =IF(AND(O30>0,AL30>0),MIN(O30,AL30),"-") -> - | BJ30: =IF(AND(P30>0,AM30>0),MIN(P30,AM30),"-") -> - | BK30: =IF(AND(Q30>0,AN30>0),MIN(Q30,AN30),"-") -> - | BL30: =IF(AND(R30>0,AO30>0),MIN(R30,AO30),"-") -> - | BM30: =IF(AND(S30>0,AP30>0),MIN(S30,AP30),"-") -> - | BN30: =IF(AND(T30>0,AQ30>0),MIN(T30,AQ30),"-") -> - | BO30: =IF(AND(U30>0,AR30>0),MIN(U30,AR30),"-") -> - | BP30: =IF(AND(V30>0,AS30>0),MIN(V30,AS30),"-") -> - | BQ30: =IF(COUNTIF(BH30:BP30,"<>-")=9,SUM(BH30:BP30),"-") -> - | BR30: =BG30 -> - | BS30: =IF(COUNTIF(BQ30:BR30,"<>-")=2,SUM(BQ30:BR30),"-") -> - | BT30: =IF(ISNUMBER(BS30),BS30-(C30*Rules!$P$9/100),"-") -> - | BU30: =RANK($BT30,$BT$5:$BT$106,1)+COUNTIF(BT$5:BT30,BT30)-1 -> #VALUE! | BV30: =RANK(BT30,$BT$5:$BT$215,1) -> #VALUE! | BW30: =B30 | BX30: =C30 -> - | BY30: =BT30 -> - | CC30: 26 | CD30: =VLOOKUP(CC30,$BU$5:BY$215,2,FALSE) -> #N/A | CE30: =VLOOKUP(CC30,$BU$5:BY$215,3,FALSE) -> #N/A | CF30: =VLOOKUP(CC30,$BU$5:BY$215,5,FALSE) -> #N/A | CL30: 1
A31: 27 | B31: ='A Div'!A31 & " " & 'A Div'!B31 | C31: ='A Div'!E31 -> - | M31: =IF(COUNTIF(D31:L31,"<>"&"")=9,SUM(D31:L31),"-") -> - | W31: =IF(COUNTIF(N31:V31,"<>"&"")=9,SUM(N31:V31),"-") -> - | X31: =IF(AND(ISNUMBER(M31),ISNUMBER(W31)),M31+W31,"-") -> - | Y31: =IF(ISNUMBER(X31),X31-C31,"-") -> - | AJ31: =IF(COUNTIF(AA31:AI31,"<>"&"")=9,SUM(AA31:AI31),"-") -> - | AT31: =IF(COUNTIF(AK31:AS31,"<>"&"")=9,SUM(AK31:AS31),"-") -> - | AU31: =IF(AND(ISNUMBER(AJ31),ISNUMBER(AT31)),AJ31+AT31,"-") -> - | AV31: =IF(ISNUMBER(AU31),AU31-C31,"-") -> - | AX31: =IF(AND(D31>0,AA31>0),MIN(D31,AA31),"-") -> - | AY31: =IF(AND(E31>0,AB31>0),MIN(E31,AB31),"-") -> - | AZ31: =IF(AND(F31>0,AC31>0),MIN(F31,AC31),"-") -> - | BA31: =IF(AND(G31>0,AD31>0),MIN(G31,AD31),"-") -> - | BB31: =IF(AND(H31>0,AE31>0),MIN(H31,AE31),"-") -> - | BC31: =IF(AND(I31>0,AF31>0),MIN(I31,AF31),"-") -> - | BD31: =IF(AND(J31>0,AG31>0),MIN(J31,AG31),"-") -> - | BE31: =IF(AND(K31>0,AH31>0),MIN(K31,AH31),"-") -> - | BF31: =IF(AND(L31>0,AI31>0),MIN(L31,AI31),"-") -> - | BG31: =IF(COUNTIF(AX31:BF31,"<>-")=9,SUM(AX31:BF31),"-") -> - | BH31: =IF(AND(N31>0,AK31>0),MIN(N31,AK31),"-") -> - | BI31: =IF(AND(O31>0,AL31>0),MIN(O31,AL31),"-") -> - | BJ31: =IF(AND(P31>0,AM31>0),MIN(P31,AM31),"-") -> - | BK31: =IF(AND(Q31>0,AN31>0),MIN(Q31,AN31),"-") -> - | BL31: =IF(AND(R31>0,AO31>0),MIN(R31,AO31),"-") -> - | BM31: =IF(AND(S31>0,AP31>0),MIN(S31,AP31),"-") -> - | BN31: =IF(AND(T31>0,AQ31>0),MIN(T31,AQ31),"-") -> - | BO31: =IF(AND(U31>0,AR31>0),MIN(U31,AR31),"-") -> - | BP31: =IF(AND(V31>0,AS31>0),MIN(V31,AS31),"-") -> - | BQ31: =IF(COUNTIF(BH31:BP31,"<>-")=9,SUM(BH31:BP31),"-") -> - | BR31: =BG31 -> - | BS31: =IF(COUNTIF(BQ31:BR31,"<>-")=2,SUM(BQ31:BR31),"-") -> - | BT31: =IF(ISNUMBER(BS31),BS31-(C31*Rules!$P$9/100),"-") -> - | BU31: =RANK($BT31,$BT$5:$BT$106,1)+COUNTIF(BT$5:BT31,BT31)-1 -> #VALUE! | BV31: =RANK(BT31,$BT$5:$BT$215,1) -> #VALUE! | BW31: =B31 | BX31: =C31 -> - | BY31: =BT31 -> - | CC31: 27 | CD31: =VLOOKUP(CC31,$BU$5:BY$215,2,FALSE) -> #N/A | CE31: =VLOOKUP(CC31,$BU$5:BY$215,3,FALSE) -> #N/A | CF31: =VLOOKUP(CC31,$BU$5:BY$215,5,FALSE) -> #N/A | CL31: 1
A32: 28 | B32: ='A Div'!A32 & " " & 'A Div'!B32 | C32: ='A Div'!E32 -> - | M32: =IF(COUNTIF(D32:L32,"<>"&"")=9,SUM(D32:L32),"-") -> - | W32: =IF(COUNTIF(N32:V32,"<>"&"")=9,SUM(N32:V32),"-") -> - | X32: =IF(AND(ISNUMBER(M32),ISNUMBER(W32)),M32+W32,"-") -> - | Y32: =IF(ISNUMBER(X32),X32-C32,"-") -> - | AJ32: =IF(COUNTIF(AA32:AI32,"<>"&"")=9,SUM(AA32:AI32),"-") -> - | AT32: =IF(COUNTIF(AK32:AS32,"<>"&"")=9,SUM(AK32:AS32),"-") -> - | AU32: =IF(AND(ISNUMBER(AJ32),ISNUMBER(AT32)),AJ32+AT32,"-") -> - | AV32: =IF(ISNUMBER(AU32),AU32-C32,"-") -> - | AX32: =IF(AND(D32>0,AA32>0),MIN(D32,AA32),"-") -> - | AY32: =IF(AND(E32>0,AB32>0),MIN(E32,AB32),"-") -> - | AZ32: =IF(AND(F32>0,AC32>0),MIN(F32,AC32),"-") -> - | BA32: =IF(AND(G32>0,AD32>0),MIN(G32,AD32),"-") -> - | BB32: =IF(AND(H32>0,AE32>0),MIN(H32,AE32),"-") -> - | BC32: =IF(AND(I32>0,AF32>0),MIN(I32,AF32),"-") -> - | BD32: =IF(AND(J32>0,AG32>0),MIN(J32,AG32),"-") -> - | BE32: =IF(AND(K32>0,AH32>0),MIN(K32,AH32),"-") -> - | BF32: =IF(AND(L32>0,AI32>0),MIN(L32,AI32),"-") -> - | BG32: =IF(COUNTIF(AX32:BF32,"<>-")=9,SUM(AX32:BF32),"-") -> - | BH32: =IF(AND(N32>0,AK32>0),MIN(N32,AK32),"-") -> - | BI32: =IF(AND(O32>0,AL32>0),MIN(O32,AL32),"-") -> - | BJ32: =IF(AND(P32>0,AM32>0),MIN(P32,AM32),"-") -> - | BK32: =IF(AND(Q32>0,AN32>0),MIN(Q32,AN32),"-") -> - | BL32: =IF(AND(R32>0,AO32>0),MIN(R32,AO32),"-") -> - | BM32: =IF(AND(S32>0,AP32>0),MIN(S32,AP32),"-") -> - | BN32: =IF(AND(T32>0,AQ32>0),MIN(T32,AQ32),"-") -> - | BO32: =IF(AND(U32>0,AR32>0),MIN(U32,AR32),"-") -> - | BP32: =IF(AND(V32>0,AS32>0),MIN(V32,AS32),"-") -> - | BQ32: =IF(COUNTIF(BH32:BP32,"<>-")=9,SUM(BH32:BP32),"-") -> - | BR32: =BG32 -> - | BS32: =IF(COUNTIF(BQ32:BR32,"<>-")=2,SUM(BQ32:BR32),"-") -> - | BT32: =IF(ISNUMBER(BS32),BS32-(C32*Rules!$P$9/100),"-") -> - | BU32: =RANK($BT32,$BT$5:$BT$106,1)+COUNTIF(BT$5:BT32,BT32)-1 -> #VALUE! | BV32: =RANK(BT32,$BT$5:$BT$215,1) -> #VALUE! | BW32: =B32 | BX32: =C32 -> - | BY32: =BT32 -> - | CC32: 28 | CD32: =VLOOKUP(CC32,$BU$5:BY$215,2,FALSE) -> #N/A | CE32: =VLOOKUP(CC32,$BU$5:BY$215,3,FALSE) -> #N/A | CF32: =VLOOKUP(CC32,$BU$5:BY$215,5,FALSE) -> #N/A | CL32: 1
... A104: 100 | B104: ='A Div'!A104 & " " & 'A Div'!B104 | C104: ='A Div'!E104 -> - | M104: =IF(COUNTIF(D104:L104,"<>"&"")=9,SUM(D104:L104),"-") -> - | W104: =IF(COUNTIF(N104:V104,"<>"&"")=9,SUM(N104:V104),"-") -> - | X104: =IF(AND(ISNUMBER(M104),ISNUMBER(W104)),M104+W104,"-") -> - | Y104: =IF(ISNUMBER(X104),X104-C104,"-") -> - | AJ104: =IF(COUNTIF(AA104:AI104,"<>"&"")=9,SUM(AA104:AI104),"-") -> - | AT104: =IF(COUNTIF(AK104:AS104,"<>"&"")=9,SUM(AK104:AS104),"-") -> - | AU104: =IF(AND(ISNUMBER(AJ104),ISNUMBER(AT104)),AJ104+AT104,"-") -> - | AV104: =IF(ISNUMBER(AU104),AU104-C104,"-") -> - | AX104: =IF(AND(D104>0,AA104>0),MIN(D104,AA104),"-") -> - | AY104: =IF(AND(E104>0,AB104>0),MIN(E104,AB104),"-") -> - | AZ104: =IF(AND(F104>0,AC104>0),MIN(F104,AC104),"-") -> - | BA104: =IF(AND(G104>0,AD104>0),MIN(G104,AD104),"-") -> - | BB104: =IF(AND(H104>0,AE104>0),MIN(H104,AE104),"-") -> - | BC104: =IF(AND(I104>0,AF104>0),MIN(I104,AF104),"-") -> - | BD104: =IF(AND(J104>0,AG104>0),MIN(J104,AG104),"-") -> - | BE104: =IF(AND(K104>0,AH104>0),MIN(K104,AH104),"-") -> - | BF104: =IF(AND(L104>0,AI104>0),MIN(L104,AI104),"-") -> - | BG104: =IF(COUNTIF(AX104:BF104,"<>-")=9,SUM(AX104:BF104),"-") -> - | BH104: =IF(AND(N104>0,AK104>0),MIN(N104,AK104),"-") -> - | BI104: =IF(AND(O104>0,AL104>0),MIN(O104,AL104),"-") -> - | BJ104: =IF(AND(P104>0,AM104>0),MIN(P104,AM104),"-") -> - | BK104: =IF(AND(Q104>0,AN104>0),MIN(Q104,AN104),"-") -> - | BL104: =IF(AND(R104>0,AO104>0),MIN(R104,AO104),"-") -> - | BM104: =IF(AND(S104>0,AP104>0),MIN(S104,AP104),"-") -> - | BN104: =IF(AND(T104>0,AQ104>0),MIN(T104,AQ104),"-") -> - | BO104: =IF(AND(U104>0,AR104>0),MIN(U104,AR104),"-") -> - | BP104: =IF(AND(V104>0,AS104>0),MIN(V104,AS104),"-") -> - | BQ104: =IF(COUNTIF(BH104:BP104,"<>-")=9,SUM(BH104:BP104),"-") -> - | BR104: =BG104 -> - | BS104: =IF(COUNTIF(BQ104:BR104,"<>-")=2,SUM(BQ104:BR104),"-") -> - | BT104: =IF(ISNUMBER(BS104),BS104-(C104*Rules!$P$9/100),"-") -> - | BU104: =RANK($BT104,$BT$5:$BT$106,1)+COUNTIF(BT$5:BT104,BT104)-1 -> #VALUE! | BV104: =RANK(BT104,$BT$5:$BT$215,1) -> #VALUE! | BW104: =B104 | BX104: =C104 -> - | BY104: =BT104 -> - | CC104: 100 | CD104: =VLOOKUP(CC104,$BU$5:BY$215,2,FALSE) -> #N/A | CE104: =VLOOKUP(CC104,$BU$5:BY$215,3,FALSE) -> #N/A | CF104: =VLOOKUP(CC104,$BU$5:BY$215,5,FALSE) -> #N/A | CL104: 1
A105: 101 | B105: ='A Div'!A105 & " " & 'A Div'!B105 | C105: ='A Div'!E105 -> 0 | M105: =IF(COUNTIF(D105:L105,"<>"&"")=9,SUM(D105:L105),"-") -> - | W105: =IF(COUNTIF(N105:V105,"<>"&"")=9,SUM(N105:V105),"-") -> - | X105: =IF(AND(ISNUMBER(M105),ISNUMBER(W105)),M105+W105,"-") -> - | Y105: =IF(ISNUMBER(X105),X105-C105,"-") -> - | AJ105: =IF(COUNTIF(AA105:AI105,"<>"&"")=9,SUM(AA105:AI105),"-") -> - | AT105: =IF(COUNTIF(AK105:AS105,"<>"&"")=9,SUM(AK105:AS105),"-") -> - | AU105: =IF(AND(ISNUMBER(AJ105),ISNUMBER(AT105)),AJ105+AT105,"-") -> - | AV105: =IF(ISNUMBER(AU105),AU105-C105,"-") -> - | AX105: =IF(AND(D105>0,AA105>0),MIN(D105,AA105),"-") -> - | AY105: =IF(AND(E105>0,AB105>0),MIN(E105,AB105),"-") -> - | AZ105: =IF(AND(F105>0,AC105>0),MIN(F105,AC105),"-") -> - | BA105: =IF(AND(G105>0,AD105>0),MIN(G105,AD105),"-") -> - | BB105: =IF(AND(H105>0,AE105>0),MIN(H105,AE105),"-") -> - | BC105: =IF(AND(I105>0,AF105>0),MIN(I105,AF105),"-") -> - | BD105: =IF(AND(J105>0,AG105>0),MIN(J105,AG105),"-") -> - | BE105: =IF(AND(K105>0,AH105>0),MIN(K105,AH105),"-") -> - | BF105: =IF(AND(L105>0,AI105>0),MIN(L105,AI105),"-") -> - | BG105: =IF(COUNTIF(AX105:BF105,"<>-")=9,SUM(AX105:BF105),"-") -> - | BH105: =IF(AND(N105>0,AK105>0),MIN(N105,AK105),"-") -> - | BI105: =IF(AND(O105>0,AL105>0),MIN(O105,AL105),"-") -> - | BJ105: =IF(AND(P105>0,AM105>0),MIN(P105,AM105),"-") -> - | BK105: =IF(AND(Q105>0,AN105>0),MIN(Q105,AN105),"-") -> - | BL105: =IF(AND(R105>0,AO105>0),MIN(R105,AO105),"-") -> - | BM105: =IF(AND(S105>0,AP105>0),MIN(S105,AP105),"-") -> - | BN105: =IF(AND(T105>0,AQ105>0),MIN(T105,AQ105),"-") -> - | BO105: =IF(AND(U105>0,AR105>0),MIN(U105,AR105),"-") -> - | BP105: =IF(AND(V105>0,AS105>0),MIN(V105,AS105),"-") -> - | BQ105: =IF(COUNTIF(BH105:BP105,"<>-")=9,SUM(BH105:BP105),"-") -> - | BR105: =BG105 -> - | BS105: =IF(COUNTIF(BQ105:BR105,"<>-")=2,SUM(BQ105:BR105),"-") -> - | BT105: =IF(ISNUMBER(BS105),BS105-(C105*Rules!$P$9/100),"-") -> - | BU105: =RANK($BT105,$BT$5:$BT$106,1)+COUNTIF(BT$5:BT105,BT105)-1 -> #VALUE! | BV105: =RANK(BT105,$BT$5:$BT$215,1) -> #VALUE! | BW105: =B105 | BX105: =C105 -> 0 | BY105: =BT105 -> - | CL105: 1
A106: 102 | B106: ='A Div'!A106 & " " & 'A Div'!B106 | C106: ='A Div'!E106 -> 0 | M106: =IF(COUNTIF(D106:L106,"<>"&"")=9,SUM(D106:L106),"-") -> - | W106: =IF(COUNTIF(N106:V106,"<>"&"")=9,SUM(N106:V106),"-") -> - | X106: =IF(AND(ISNUMBER(M106),ISNUMBER(W106)),M106+W106,"-") -> - | Y106: =IF(ISNUMBER(X106),X106-C106,"-") -> - | AJ106: =IF(COUNTIF(AA106:AI106,"<>"&"")=9,SUM(AA106:AI106),"-") -> - | AT106: =IF(COUNTIF(AK106:AS106,"<>"&"")=9,SUM(AK106:AS106),"-") -> - | AU106: =IF(AND(ISNUMBER(AJ106),ISNUMBER(AT106)),AJ106+AT106,"-") -> - | AV106: =IF(ISNUMBER(AU106),AU106-C106,"-") -> - | AX106: =IF(AND(D106>0,AA106>0),MIN(D106,AA106),"-") -> - | AY106: =IF(AND(E106>0,AB106>0),MIN(E106,AB106),"-") -> - | AZ106: =IF(AND(F106>0,AC106>0),MIN(F106,AC106),"-") -> - | BA106: =IF(AND(G106>0,AD106>0),MIN(G106,AD106),"-") -> - | BB106: =IF(AND(H106>0,AE106>0),MIN(H106,AE106),"-") -> - | BC106: =IF(AND(I106>0,AF106>0),MIN(I106,AF106),"-") -> - | BD106: =IF(AND(J106>0,AG106>0),MIN(J106,AG106),"-") -> - | BE106: =IF(AND(K106>0,AH106>0),MIN(K106,AH106),"-") -> - | BF106: =IF(AND(L106>0,AI106>0),MIN(L106,AI106),"-") -> - | BG106: =IF(COUNTIF(AX106:BF106,"<>-")=9,SUM(AX106:BF106),"-") -> - | BH106: =IF(AND(N106>0,AK106>0),MIN(N106,AK106),"-") -> - | BI106: =IF(AND(O106>0,AL106>0),MIN(O106,AL106),"-") -> - | BJ106: =IF(AND(P106>0,AM106>0),MIN(P106,AM106),"-") -> - | BK106: =IF(AND(Q106>0,AN106>0),MIN(Q106,AN106),"-") -> - | BL106: =IF(AND(R106>0,AO106>0),MIN(R106,AO106),"-") -> - | BM106: =IF(AND(S106>0,AP106>0),MIN(S106,AP106),"-") -> - | BN106: =IF(AND(T106>0,AQ106>0),MIN(T106,AQ106),"-") -> - | BO106: =IF(AND(U106>0,AR106>0),MIN(U106,AR106),"-") -> - | BP106: =IF(AND(V106>0,AS106>0),MIN(V106,AS106),"-") -> - | BQ106: =IF(COUNTIF(BH106:BP106,"<>-")=9,SUM(BH106:BP106),"-") -> - | BR106: =BG106 -> - | BS106: =IF(COUNTIF(BQ106:BR106,"<>-")=2,SUM(BQ106:BR106),"-") -> - | BT106: =IF(ISNUMBER(BS106),BS106-(C106*Rules!$P$9/100),"-") -> - | BU106: =RANK($BT106,$BT$5:$BT$106,1)+COUNTIF(BT$5:BT106,BT106)-1 -> #VALUE! | BV106: =RANK(BT106,$BT$5:$BT$215,1) -> #VALUE! | BW106: =B106 | BX106: =C106 -> 0 | BY106: =BT106 -> - | CL106: 1
A107: 103 | B107: ='A Div'!A107 & " " & 'A Div'!B107 | C107: ='A Div'!E107 -> 0 | M107: =IF(COUNTIF(D107:L107,"<>"&"")=9,SUM(D107:L107),"-") -> - | W107: =IF(COUNTIF(N107:V107,"<>"&"")=9,SUM(N107:V107),"-") -> - | X107: =IF(AND(ISNUMBER(M107),ISNUMBER(W107)),M107+W107,"-") -> - | Y107: =IF(ISNUMBER(X107),X107-C107,"-") -> - | AJ107: =IF(COUNTIF(AA107:AI107,"<>"&"")=9,SUM(AA107:AI107),"-") -> - | AT107: =IF(COUNTIF(AK107:AS107,"<>"&"")=9,SUM(AK107:AS107),"-") -> - | AU107: =IF(AND(ISNUMBER(AJ107),ISNUMBER(AT107)),AJ107+AT107,"-") -> - | AV107: =IF(ISNUMBER(AU107),AU107-C107,"-") -> - | AX107: =IF(AND(D107>0,AA107>0),MIN(D107,AA107),"-") -> - | AY107: =IF(AND(E107>0,AB107>0),MIN(E107,AB107),"-") -> - | AZ107: =IF(AND(F107>0,AC107>0),MIN(F107,AC107),"-") -> - | BA107: =IF(AND(G107>0,AD107>0),MIN(G107,AD107),"-") -> - | BB107: =IF(AND(H107>0,AE107>0),MIN(H107,AE107),"-") -> - | BC107: =IF(AND(I107>0,AF107>0),MIN(I107,AF107),"-") -> - | BD107: =IF(AND(J107>0,AG107>0),MIN(J107,AG107),"-") -> - | BE107: =IF(AND(K107>0,AH107>0),MIN(K107,AH107),"-") -> - | BF107: =IF(AND(L107>0,AI107>0),MIN(L107,AI107),"-") -> - | BG107: =IF(COUNTIF(AX107:BF107,"<>-")=9,SUM(AX107:BF107),"-") -> - | BH107: =IF(AND(N107>0,AK107>0),MIN(N107,AK107),"-") -> - | BI107: =IF(AND(O107>0,AL107>0),MIN(O107,AL107),"-") -> - | BJ107: =IF(AND(P107>0,AM107>0),MIN(P107,AM107),"-") -> - | BK107: =IF(AND(Q107>0,AN107>0),MIN(Q107,AN107),"-") -> - | BL107: =IF(AND(R107>0,AO107>0),MIN(R107,AO107),"-") -> - | BM107: =IF(AND(S107>0,AP107>0),MIN(S107,AP107),"-") -> - | BN107: =IF(AND(T107>0,AQ107>0),MIN(T107,AQ107),"-") -> - | BO107: =IF(AND(U107>0,AR107>0),MIN(U107,AR107),"-") -> - | BP107: =IF(AND(V107>0,AS107>0),MIN(V107,AS107),"-") -> - | BQ107: =IF(COUNTIF(BH107:BP107,"<>-")=9,SUM(BH107:BP107),"-") -> - | BR107: =BG107 -> - | BS107: =IF(COUNTIF(BQ107:BR107,"<>-")=2,SUM(BQ107:BR107),"-") -> - | BT107: =IF(ISNUMBER(BS107),BS107-(C107*Rules!$P$9/100),"-") -> - | BU107: =RANK($BT107,$BT$5:$BT$106,1)+COUNTIF(BT$5:BT107,BT107)-1 -> #VALUE! | BV107: =RANK(BT107,$BT$5:$BT$215,1) -> #VALUE! | BW107: =B107 | BX107: =C107 -> 0 | BY107: =BT107 -> - | CL107: 1
A108: 104 | B108: ='A Div'!A108 & " " & 'A Div'!B108 | C108: ='A Div'!E108 -> 0 | M108: =IF(COUNTIF(D108:L108,"<>"&"")=9,SUM(D108:L108),"-") -> - | W108: =IF(COUNTIF(N108:V108,"<>"&"")=9,SUM(N108:V108),"-") -> - | X108: =IF(AND(ISNUMBER(M108),ISNUMBER(W108)),M108+W108,"-") -> - | Y108: =IF(ISNUMBER(X108),X108-C108,"-") -> - | AJ108: =IF(COUNTIF(AA108:AI108,"<>"&"")=9,SUM(AA108:AI108),"-") -> - | AT108: =IF(COUNTIF(AK108:AS108,"<>"&"")=9,SUM(AK108:AS108),"-") -> - | AU108: =IF(AND(ISNUMBER(AJ108),ISNUMBER(AT108)),AJ108+AT108,"-") -> - | AV108: =IF(ISNUMBER(AU108),AU108-C108,"-") -> - | AX108: =IF(AND(D108>0,AA108>0),MIN(D108,AA108),"-") -> - | AY108: =IF(AND(E108>0,AB108>0),MIN(E108,AB108),"-") -> - | AZ108: =IF(AND(F108>0,AC108>0),MIN(F108,AC108),"-") -> - | BA108: =IF(AND(G108>0,AD108>0),MIN(G108,AD108),"-") -> - | BB108: =IF(AND(H108>0,AE108>0),MIN(H108,AE108),"-") -> - | BC108: =IF(AND(I108>0,AF108>0),MIN(I108,AF108),"-") -> - | BD108: =IF(AND(J108>0,AG108>0),MIN(J108,AG108),"-") -> - | BE108: =IF(AND(K108>0,AH108>0),MIN(K108,AH108),"-") -> - | BF108: =IF(AND(L108>0,AI108>0),MIN(L108,AI108),"-") -> - | BG108: =IF(COUNTIF(AX108:BF108,"<>-")=9,SUM(AX108:BF108),"-") -> - | BH108: =IF(AND(N108>0,AK108>0),MIN(N108,AK108),"-") -> - | BI108: =IF(AND(O108>0,AL108>0),MIN(O108,AL108),"-") -> - | BJ108: =IF(AND(P108>0,AM108>0),MIN(P108,AM108),"-") -> - | BK108: =IF(AND(Q108>0,AN108>0),MIN(Q108,AN108),"-") -> - | BL108: =IF(AND(R108>0,AO108>0),MIN(R108,AO108),"-") -> - | BM108: =IF(AND(S108>0,AP108>0),MIN(S108,AP108),"-") -> - | BN108: =IF(AND(T108>0,AQ108>0),MIN(T108,AQ108),"-") -> - | BO108: =IF(AND(U108>0,AR108>0),MIN(U108,AR108),"-") -> - | BP108: =IF(AND(V108>0,AS108>0),MIN(V108,AS108),"-") -> - | BQ108: =IF(COUNTIF(BH108:BP108,"<>-")=9,SUM(BH108:BP108),"-") -> - | BR108: =BG108 -> - | BS108: =IF(COUNTIF(BQ108:BR108,"<>-")=2,SUM(BQ108:BR108),"-") -> - | BT108: =IF(ISNUMBER(BS108),BS108-(C108*Rules!$P$9/100),"-") -> - | BU108: =RANK($BT108,$BT$5:$BT$106,1)+COUNTIF(BT$5:BT108,BT108)-1 -> #VALUE! | BV108: =RANK(BT108,$BT$5:$BT$215,1) -> #VALUE! | BW108: =B108 | BX108: =C108 -> 0 | BY108: =BT108 -> - | CL108: 1
A109: 105 | B109: ='A Div'!A109 & " " & 'A Div'!B109 | C109: ='A Div'!E109 -> 0 | M109: =IF(COUNTIF(D109:L109,"<>"&"")=9,SUM(D109:L109),"-") -> - | W109: =IF(COUNTIF(N109:V109,"<>"&"")=9,SUM(N109:V109),"-") -> - | X109: =IF(AND(ISNUMBER(M109),ISNUMBER(W109)),M109+W109,"-") -> - | Y109: =IF(ISNUMBER(X109),X109-C109,"-") -> - | AJ109: =IF(COUNTIF(AA109:AI109,"<>"&"")=9,SUM(AA109:AI109),"-") -> - | AT109: =IF(COUNTIF(AK109:AS109,"<>"&"")=9,SUM(AK109:AS109),"-") -> - | AU109: =IF(AND(ISNUMBER(AJ109),ISNUMBER(AT109)),AJ109+AT109,"-") -> - | AV109: =IF(ISNUMBER(AU109),AU109-C109,"-") -> - | AX109: =IF(AND(D109>0,AA109>0),MIN(D109,AA109),"-") -> - | AY109: =IF(AND(E109>0,AB109>0),MIN(E109,AB109),"-") -> - | AZ109: =IF(AND(F109>0,AC109>0),MIN(F109,AC109),"-") -> - | BA109: =IF(AND(G109>0,AD109>0),MIN(G109,AD109),"-") -> - | BB109: =IF(AND(H109>0,AE109>0),MIN(H109,AE109),"-") -> - | BC109: =IF(AND(I109>0,AF109>0),MIN(I109,AF109),"-") -> - | BD109: =IF(AND(J109>0,AG109>0),MIN(J109,AG109),"-") -> - | BE109: =IF(AND(K109>0,AH109>0),MIN(K109,AH109),"-") -> - | BF109: =IF(AND(L109>0,AI109>0),MIN(L109,AI109),"-") -> - | BG109: =IF(COUNTIF(AX109:BF109,"<>-")=9,SUM(AX109:BF109),"-") -> - | BH109: =IF(AND(N109>0,AK109>0),MIN(N109,AK109),"-") -> - | BI109: =IF(AND(O109>0,AL109>0),MIN(O109,AL109),"-") -> - | BJ109: =IF(AND(P109>0,AM109>0),MIN(P109,AM109),"-") -> - | BK109: =IF(AND(Q109>0,AN109>0),MIN(Q109,AN109),"-") -> - | BL109: =IF(AND(R109>0,AO109>0),MIN(R109,AO109),"-") -> - | BM109: =IF(AND(S109>0,AP109>0),MIN(S109,AP109),"-") -> - | BN109: =IF(AND(T109>0,AQ109>0),MIN(T109,AQ109),"-") -> - | BO109: =IF(AND(U109>0,AR109>0),MIN(U109,AR109),"-") -> - | BP109: =IF(AND(V109>0,AS109>0),MIN(V109,AS109),"-") -> - | BQ109: =IF(COUNTIF(BH109:BP109,"<>-")=9,SUM(BH109:BP109),"-") -> - | BR109: =BG109 -> - | BS109: =IF(COUNTIF(BQ109:BR109,"<>-")=2,SUM(BQ109:BR109),"-") -> - | BT109: =IF(ISNUMBER(BS109),BS109-(C109*Rules!$P$9/100),"-") -> - | BU109: =RANK($BT109,$BT$5:$BT$106,1)+COUNTIF(BT$5:BT109,BT109)-1 -> #VALUE! | BV109: =RANK(BT109,$BT$5:$BT$215,1) -> #VALUE! | BW109: =B109 | BX109: =C109 -> 0 | BY109: =BT109 -> - | CL109: 1
A110: 106 | B110: ='A Div'!A110 & " " & 'A Div'!B110 | C110: ='A Div'!E110 -> 0 | M110: =IF(COUNTIF(D110:L110,"<>"&"")=9,SUM(D110:L110),"-") -> - | W110: =IF(COUNTIF(N110:V110,"<>"&"")=9,SUM(N110:V110),"-") -> - | X110: =IF(AND(ISNUMBER(M110),ISNUMBER(W110)),M110+W110,"-") -> - | Y110: =IF(ISNUMBER(X110),X110-C110,"-") -> - | AJ110: =IF(COUNTIF(AA110:AI110,"<>"&"")=9,SUM(AA110:AI110),"-") -> - | AT110: =IF(COUNTIF(AK110:AS110,"<>"&"")=9,SUM(AK110:AS110),"-") -> - | AU110: =IF(AND(ISNUMBER(AJ110),ISNUMBER(AT110)),AJ110+AT110,"-") -> - | AV110: =IF(ISNUMBER(AU110),AU110-C110,"-") -> - | AX110: =IF(AND(D110>0,AA110>0),MIN(D110,AA110),"-") -> - | AY110: =IF(AND(E110>0,AB110>0),MIN(E110,AB110),"-") -> - | AZ110: =IF(AND(F110>0,AC110>0),MIN(F110,AC110),"-") -> - | BA110: =IF(AND(G110>0,AD110>0),MIN(G110,AD110),"-") -> - | BB110: =IF(AND(H110>0,AE110>0),MIN(H110,AE110),"-") -> - | BC110: =IF(AND(I110>0,AF110>0),MIN(I110,AF110),"-") -> - | BD110: =IF(AND(J110>0,AG110>0),MIN(J110,AG110),"-") -> - | BE110: =IF(AND(K110>0,AH110>0),MIN(K110,AH110),"-") -> - | BF110: =IF(AND(L110>0,AI110>0),MIN(L110,AI110),"-") -> - | BG110: =IF(COUNTIF(AX110:BF110,"<>-")=9,SUM(AX110:BF110),"-") -> - | BH110: =IF(AND(N110>0,AK110>0),MIN(N110,AK110),"-") -> - | BI110: =IF(AND(O110>0,AL110>0),MIN(O110,AL110),"-") -> - | BJ110: =IF(AND(P110>0,AM110>0),MIN(P110,AM110),"-") -> - | BK110: =IF(AND(Q110>0,AN110>0),MIN(Q110,AN110),"-") -> - | BL110: =IF(AND(R110>0,AO110>0),MIN(R110,AO110),"-") -> - | BM110: =IF(AND(S110>0,AP110>0),MIN(S110,AP110),"-") -> - | BN110: =IF(AND(T110>0,AQ110>0),MIN(T110,AQ110),"-") -> - | BO110: =IF(AND(U110>0,AR110>0),MIN(U110,AR110),"-") -> - | BP110: =IF(AND(V110>0,AS110>0),MIN(V110,AS110),"-") -> - | BQ110: =IF(COUNTIF(BH110:BP110,"<>-")=9,SUM(BH110:BP110),"-") -> - | BR110: =BG110 -> - | BS110: =IF(COUNTIF(BQ110:BR110,"<>-")=2,SUM(BQ110:BR110),"-") -> - | BT110: =IF(ISNUMBER(BS110),BS110-(C110*Rules!$P$9/100),"-") -> - | BU110: =RANK($BT110,$BT$5:$BT$106,1)+COUNTIF(BT$5:BT110,BT110)-1 -> #VALUE! | BV110: =RANK(BT110,$BT$5:$BT$215,1) -> #VALUE! | BW110: =B110 | BX110: =C110 -> 0 | BY110: =BT110 -> - | CL110: 1
A111: 107 | B111: ='A Div'!A111 & " " & 'A Div'!B111 | C111: ='A Div'!E111 -> 0 | M111: =IF(COUNTIF(D111:L111,"<>"&"")=9,SUM(D111:L111),"-") -> - | W111: =IF(COUNTIF(N111:V111,"<>"&"")=9,SUM(N111:V111),"-") -> - | X111: =IF(AND(ISNUMBER(M111),ISNUMBER(W111)),M111+W111,"-") -> - | Y111: =IF(ISNUMBER(X111),X111-C111,"-") -> - | AJ111: =IF(COUNTIF(AA111:AI111,"<>"&"")=9,SUM(AA111:AI111),"-") -> - | AT111: =IF(COUNTIF(AK111:AS111,"<>"&"")=9,SUM(AK111:AS111),"-") -> - | AU111: =IF(AND(ISNUMBER(AJ111),ISNUMBER(AT111)),AJ111+AT111,"-") -> - | AV111: =IF(ISNUMBER(AU111),AU111-C111,"-") -> - | AX111: =IF(AND(D111>0,AA111>0),MIN(D111,AA111),"-") -> - | AY111: =IF(AND(E111>0,AB111>0),MIN(E111,AB111),"-") -> - | AZ111: =IF(AND(F111>0,AC111>0),MIN(F111,AC111),"-") -> - | BA111: =IF(AND(G111>0,AD111>0),MIN(G111,AD111),"-") -> - | BB111: =IF(AND(H111>0,AE111>0),MIN(H111,AE111),"-") -> - | BC111: =IF(AND(I111>0,AF111>0),MIN(I111,AF111),"-") -> - | BD111: =IF(AND(J111>0,AG111>0),MIN(J111,AG111),"-") -> - | BE111: =IF(AND(K111>0,AH111>0),MIN(K111,AH111),"-") -> - | BF111: =IF(AND(L111>0,AI111>0),MIN(L111,AI111),"-") -> - | BG111: =IF(COUNTIF(AX111:BF111,"<>-")=9,SUM(AX111:BF111),"-") -> - | BH111: =IF(AND(N111>0,AK111>0),MIN(N111,AK111),"-") -> - | BI111: =IF(AND(O111>0,AL111>0),MIN(O111,AL111),"-") -> - | BJ111: =IF(AND(P111>0,AM111>0),MIN(P111,AM111),"-") -> - | BK111: =IF(AND(Q111>0,AN111>0),MIN(Q111,AN111),"-") -> - | BL111: =IF(AND(R111>0,AO111>0),MIN(R111,AO111),"-") -> - | BM111: =IF(AND(S111>0,AP111>0),MIN(S111,AP111),"-") -> - | BN111: =IF(AND(T111>0,AQ111>0),MIN(T111,AQ111),"-") -> - | BO111: =IF(AND(U111>0,AR111>0),MIN(U111,AR111),"-") -> - | BP111: =IF(AND(V111>0,AS111>0),MIN(V111,AS111),"-") -> - | BQ111: =IF(COUNTIF(BH111:BP111,"<>-")=9,SUM(BH111:BP111),"-") -> - | BR111: =BG111 -> - | BS111: =IF(COUNTIF(BQ111:BR111,"<>-")=2,SUM(BQ111:BR111),"-") -> - | BT111: =IF(ISNUMBER(BS111),BS111-(C111*Rules!$P$9/100),"-") -> - | BU111: =RANK($BT111,$BT$5:$BT$106,1)+COUNTIF(BT$5:BT111,BT111)-1 -> #VALUE! | BV111: =RANK(BT111,$BT$5:$BT$215,1) -> #VALUE! | BW111: =B111 | BX111: =C111 -> 0 | BY111: =BT111 -> - | CL111: 1
A112: 108 | B112: ='A Div'!A112 & " " & 'A Div'!B112 | C112: ='A Div'!E112 -> 0 | M112: =IF(COUNTIF(D112:L112,"<>"&"")=9,SUM(D112:L112),"-") -> - | W112: =IF(COUNTIF(N112:V112,"<>"&"")=9,SUM(N112:V112),"-") -> - | X112: =IF(AND(ISNUMBER(M112),ISNUMBER(W112)),M112+W112,"-") -> - | Y112: =IF(ISNUMBER(X112),X112-C112,"-") -> - | AJ112: =IF(COUNTIF(AA112:AI112,"<>"&"")=9,SUM(AA112:AI112),"-") -> - | AT112: =IF(COUNTIF(AK112:AS112,"<>"&"")=9,SUM(AK112:AS112),"-") -> - | AU112: =IF(AND(ISNUMBER(AJ112),ISNUMBER(AT112)),AJ112+AT112,"-") -> - | AV112: =IF(ISNUMBER(AU112),AU112-C112,"-") -> - | AX112: =IF(AND(D112>0,AA112>0),MIN(D112,AA112),"-") -> - | AY112: =IF(AND(E112>0,AB112>0),MIN(E112,AB112),"-") -> - | AZ112: =IF(AND(F112>0,AC112>0),MIN(F112,AC112),"-") -> - | BA112: =IF(AND(G112>0,AD112>0),MIN(G112,AD112),"-") -> - | BB112: =IF(AND(H112>0,AE112>0),MIN(H112,AE112),"-") -> - | BC112: =IF(AND(I112>0,AF112>0),MIN(I112,AF112),"-") -> - | BD112: =IF(AND(J112>0,AG112>0),MIN(J112,AG112),"-") -> - | BE112: =IF(AND(K112>0,AH112>0),MIN(K112,AH112),"-") -> - | BF112: =IF(AND(L112>0,AI112>0),MIN(L112,AI112),"-") -> - | BG112: =IF(COUNTIF(AX112:BF112,"<>-")=9,SUM(AX112:BF112),"-") -> - | BH112: =IF(AND(N112>0,AK112>0),MIN(N112,AK112),"-") -> - | BI112: =IF(AND(O112>0,AL112>0),MIN(O112,AL112),"-") -> - | BJ112: =IF(AND(P112>0,AM112>0),MIN(P112,AM112),"-") -> - | BK112: =IF(AND(Q112>0,AN112>0),MIN(Q112,AN112),"-") -> - | BL112: =IF(AND(R112>0,AO112>0),MIN(R112,AO112),"-") -> - | BM112: =IF(AND(S112>0,AP112>0),MIN(S112,AP112),"-") -> - | BN112: =IF(AND(T112>0,AQ112>0),MIN(T112,AQ112),"-") -> - | BO112: =IF(AND(U112>0,AR112>0),MIN(U112,AR112),"-") -> - | BP112: =IF(AND(V112>0,AS112>0),MIN(V112,AS112),"-") -> - | BQ112: =IF(COUNTIF(BH112:BP112,"<>-")=9,SUM(BH112:BP112),"-") -> - | BR112: =BG112 -> - | BS112: =IF(COUNTIF(BQ112:BR112,"<>-")=2,SUM(BQ112:BR112),"-") -> - | BT112: =IF(ISNUMBER(BS112),BS112-(C112*Rules!$P$9/100),"-") -> - | BU112: =RANK($BT112,$BT$5:$BT$106,1)+COUNTIF(BT$5:BT112,BT112)-1 -> #VALUE! | BV112: =RANK(BT112,$BT$5:$BT$215,1) -> #VALUE! | BW112: =B112 | BX112: =C112 -> 0 | BY112: =BT112 -> - | CL112: 1
A113: 109 | B113: ='A Div'!A113 & " " & 'A Div'!B113 | C113: ='A Div'!E113 -> 0 | M113: =IF(COUNTIF(D113:L113,"<>"&"")=9,SUM(D113:L113),"-") -> - | W113: =IF(COUNTIF(N113:V113,"<>"&"")=9,SUM(N113:V113),"-") -> - | X113: =IF(AND(ISNUMBER(M113),ISNUMBER(W113)),M113+W113,"-") -> - | Y113: =IF(ISNUMBER(X113),X113-C113,"-") -> - | AJ113: =IF(COUNTIF(AA113:AI113,"<>"&"")=9,SUM(AA113:AI113),"-") -> - | AT113: =IF(COUNTIF(AK113:AS113,"<>"&"")=9,SUM(AK113:AS113),"-") -> - | AU113: =IF(AND(ISNUMBER(AJ113),ISNUMBER(AT113)),AJ113+AT113,"-") -> - | AV113: =IF(ISNUMBER(AU113),AU113-C113,"-") -> - | AX113: =IF(AND(D113>0,AA113>0),MIN(D113,AA113),"-") -> - | AY113: =IF(AND(E113>0,AB113>0),MIN(E113,AB113),"-") -> - | AZ113: =IF(AND(F113>0,AC113>0),MIN(F113,AC113),"-") -> - | BA113: =IF(AND(G113>0,AD113>0),MIN(G113,AD113),"-") -> - | BB113: =IF(AND(H113>0,AE113>0),MIN(H113,AE113),"-") -> - | BC113: =IF(AND(I113>0,AF113>0),MIN(I113,AF113),"-") -> - | BD113: =IF(AND(J113>0,AG113>0),MIN(J113,AG113),"-") -> - | BE113: =IF(AND(K113>0,AH113>0),MIN(K113,AH113),"-") -> - | BF113: =IF(AND(L113>0,AI113>0),MIN(L113,AI113),"-") -> - | BG113: =IF(COUNTIF(AX113:BF113,"<>-")=9,SUM(AX113:BF113),"-") -> - | BH113: =IF(AND(N113>0,AK113>0),MIN(N113,AK113),"-") -> - | BI113: =IF(AND(O113>0,AL113>0),MIN(O113,AL113),"-") -> - | BJ113: =IF(AND(P113>0,AM113>0),MIN(P113,AM113),"-") -> - | BK113: =IF(AND(Q113>0,AN113>0),MIN(Q113,AN113),"-") -> - | BL113: =IF(AND(R113>0,AO113>0),MIN(R113,AO113),"-") -> - | BM113: =IF(AND(S113>0,AP113>0),MIN(S113,AP113),"-") -> - | BN113: =IF(AND(T113>0,AQ113>0),MIN(T113,AQ113),"-") -> - | BO113: =IF(AND(U113>0,AR113>0),MIN(U113,AR113),"-") -> - | BP113: =IF(AND(V113>0,AS113>0),MIN(V113,AS113),"-") -> - | BQ113: =IF(COUNTIF(BH113:BP113,"<>-")=9,SUM(BH113:BP113),"-") -> - | BR113: =BG113 -> - | BS113: =IF(COUNTIF(BQ113:BR113,"<>-")=2,SUM(BQ113:BR113),"-") -> - | BT113: =IF(ISNUMBER(BS113),BS113-(C113*Rules!$P$9/100),"-") -> - | BU113: =RANK($BT113,$BT$5:$BT$106,1)+COUNTIF(BT$5:BT113,BT113)-1 -> #VALUE! | BV113: =RANK(BT113,$BT$5:$BT$215,1) -> #VALUE! | BW113: =B113 | BX113: =C113 -> 0 | BY113: =BT113 -> - | CL113: 1
A114: 110 | B114: ='A Div'!A114 & " " & 'A Div'!B114 | C114: ='A Div'!E114 -> 0 | M114: =IF(COUNTIF(D114:L114,"<>"&"")=9,SUM(D114:L114),"-") -> - | W114: =IF(COUNTIF(N114:V114,"<>"&"")=9,SUM(N114:V114),"-") -> - | X114: =IF(AND(ISNUMBER(M114),ISNUMBER(W114)),M114+W114,"-") -> - | Y114: =IF(ISNUMBER(X114),X114-C114,"-") -> - | AJ114: =IF(COUNTIF(AA114:AI114,"<>"&"")=9,SUM(AA114:AI114),"-") -> - | AT114: =IF(COUNTIF(AK114:AS114,"<>"&"")=9,SUM(AK114:AS114),"-") -> - | AU114: =IF(AND(ISNUMBER(AJ114),ISNUMBER(AT114)),AJ114+AT114,"-") -> - | AV114: =IF(ISNUMBER(AU114),AU114-C114,"-") -> - | AX114: =IF(AND(D114>0,AA114>0),MIN(D114,AA114),"-") -> - | AY114: =IF(AND(E114>0,AB114>0),MIN(E114,AB114),"-") -> - | AZ114: =IF(AND(F114>0,AC114>0),MIN(F114,AC114),"-") -> - | BA114: =IF(AND(G114>0,AD114>0),MIN(G114,AD114),"-") -> - | BB114: =IF(AND(H114>0,AE114>0),MIN(H114,AE114),"-") -> - | BC114: =IF(AND(I114>0,AF114>0),MIN(I114,AF114),"-") -> - | BD114: =IF(AND(J114>0,AG114>0),MIN(J114,AG114),"-") -> - | BE114: =IF(AND(K114>0,AH114>0),MIN(K114,AH114),"-") -> - | BF114: =IF(AND(L114>0,AI114>0),MIN(L114,AI114),"-") -> - | BG114: =IF(COUNTIF(AX114:BF114,"<>-")=9,SUM(AX114:BF114),"-") -> - | BH114: =IF(AND(N114>0,AK114>0),MIN(N114,AK114),"-") -> - | BI114: =IF(AND(O114>0,AL114>0),MIN(O114,AL114),"-") -> - | BJ114: =IF(AND(P114>0,AM114>0),MIN(P114,AM114),"-") -> - | BK114: =IF(AND(Q114>0,AN114>0),MIN(Q114,AN114),"-") -> - | BL114: =IF(AND(R114>0,AO114>0),MIN(R114,AO114),"-") -> - | BM114: =IF(AND(S114>0,AP114>0),MIN(S114,AP114),"-") -> - | BN114: =IF(AND(T114>0,AQ114>0),MIN(T114,AQ114),"-") -> - | BO114: =IF(AND(U114>0,AR114>0),MIN(U114,AR114),"-") -> - | BP114: =IF(AND(V114>0,AS114>0),MIN(V114,AS114),"-") -> - | BQ114: =IF(COUNTIF(BH114:BP114,"<>-")=9,SUM(BH114:BP114),"-") -> - | BR114: =BG114 -> - | BS114: =IF(COUNTIF(BQ114:BR114,"<>-")=2,SUM(BQ114:BR114),"-") -> - | BT114: =IF(ISNUMBER(BS114),BS114-(C114*Rules!$P$9/100),"-") -> - | BU114: =RANK($BT114,$BT$5:$BT$106,1)+COUNTIF(BT$5:BT114,BT114)-1 -> #VALUE! | BV114: =RANK(BT114,$BT$5:$BT$215,1) -> #VALUE! | BW114: =B114 | BX114: =C114 -> 0 | BY114: =BT114 -> - | CL114: 1
A115: 111 | B115: ='A Div'!A115 & " " & 'A Div'!B115 | C115: ='A Div'!E115 -> 0 | M115: =IF(COUNTIF(D115:L115,"<>"&"")=9,SUM(D115:L115),"-") -> - | W115: =IF(COUNTIF(N115:V115,"<>"&"")=9,SUM(N115:V115),"-") -> - | X115: =IF(AND(ISNUMBER(M115),ISNUMBER(W115)),M115+W115,"-") -> - | Y115: =IF(ISNUMBER(X115),X115-C115,"-") -> - | AJ115: =IF(COUNTIF(AA115:AI115,"<>"&"")=9,SUM(AA115:AI115),"-") -> - | AT115: =IF(COUNTIF(AK115:AS115,"<>"&"")=9,SUM(AK115:AS115),"-") -> - | AU115: =IF(AND(ISNUMBER(AJ115),ISNUMBER(AT115)),AJ115+AT115,"-") -> - | AV115: =IF(ISNUMBER(AU115),AU115-C115,"-") -> - | AX115: =IF(AND(D115>0,AA115>0),MIN(D115,AA115),"-") -> - | AY115: =IF(AND(E115>0,AB115>0),MIN(E115,AB115),"-") -> - | AZ115: =IF(AND(F115>0,AC115>0),MIN(F115,AC115),"-") -> - | BA115: =IF(AND(G115>0,AD115>0),MIN(G115,AD115),"-") -> - | BB115: =IF(AND(H115>0,AE115>0),MIN(H115,AE115),"-") -> - | BC115: =IF(AND(I115>0,AF115>0),MIN(I115,AF115),"-") -> - | BD115: =IF(AND(J115>0,AG115>0),MIN(J115,AG115),"-") -> - | BE115: =IF(AND(K115>0,AH115>0),MIN(K115,AH115),"-") -> - | BF115: =IF(AND(L115>0,AI115>0),MIN(L115,AI115),"-") -> - | BG115: =IF(COUNTIF(AX115:BF115,"<>-")=9,SUM(AX115:BF115),"-") -> - | BH115: =IF(AND(N115>0,AK115>0),MIN(N115,AK115),"-") -> - | BI115: =IF(AND(O115>0,AL115>0),MIN(O115,AL115),"-") -> - | BJ115: =IF(AND(P115>0,AM115>0),MIN(P115,AM115),"-") -> - | BK115: =IF(AND(Q115>0,AN115>0),MIN(Q115,AN115),"-") -> - | BL115: =IF(AND(R115>0,AO115>0),MIN(R115,AO115),"-") -> - | BM115: =IF(AND(S115>0,AP115>0),MIN(S115,AP115),"-") -> - | BN115: =IF(AND(T115>0,AQ115>0),MIN(T115,AQ115),"-") -> - | BO115: =IF(AND(U115>0,AR115>0),MIN(U115,AR115),"-") -> - | BP115: =IF(AND(V115>0,AS115>0),MIN(V115,AS115),"-") -> - | BQ115: =IF(COUNTIF(BH115:BP115,"<>-")=9,SUM(BH115:BP115),"-") -> - | BR115: =BG115 -> - | BS115: =IF(COUNTIF(BQ115:BR115,"<>-")=2,SUM(BQ115:BR115),"-") -> - | BT115: =IF(ISNUMBER(BS115),BS115-(C115*Rules!$P$9/100),"-") -> - | BU115: =RANK($BT115,$BT$5:$BT$106,1)+COUNTIF(BT$5:BT115,BT115)-1 -> #VALUE! | BV115: =RANK(BT115,$BT$5:$BT$215,1) -> #VALUE! | BW115: =B115 | BX115: =C115 -> 0 | BY115: =BT115 -> - | CL115: 1
A116: 112 | B116: ='A Div'!A116 & " " & 'A Div'!B116 | C116: ='A Div'!E116 -> 0 | M116: =IF(COUNTIF(D116:L116,"<>"&"")=9,SUM(D116:L116),"-") -> - | W116: =IF(COUNTIF(N116:V116,"<>"&"")=9,SUM(N116:V116),"-") -> - | X116: =IF(AND(ISNUMBER(M116),ISNUMBER(W116)),M116+W116,"-") -> - | Y116: =IF(ISNUMBER(X116),X116-C116,"-") -> - | AJ116: =IF(COUNTIF(AA116:AI116,"<>"&"")=9,SUM(AA116:AI116),"-") -> - | AT116: =IF(COUNTIF(AK116:AS116,"<>"&"")=9,SUM(AK116:AS116),"-") -> - | AU116: =IF(AND(ISNUMBER(AJ116),ISNUMBER(AT116)),AJ116+AT116,"-") -> - | AV116: =IF(ISNUMBER(AU116),AU116-C116,"-") -> - | AX116: =IF(AND(D116>0,AA116>0),MIN(D116,AA116),"-") -> - | AY116: =IF(AND(E116>0,AB116>0),MIN(E116,AB116),"-") -> - | AZ116: =IF(AND(F116>0,AC116>0),MIN(F116,AC116),"-") -> - | BA116: =IF(AND(G116>0,AD116>0),MIN(G116,AD116),"-") -> - | BB116: =IF(AND(H116>0,AE116>0),MIN(H116,AE116),"-") -> - | BC116: =IF(AND(I116>0,AF116>0),MIN(I116,AF116),"-") -> - | BD116: =IF(AND(J116>0,AG116>0),MIN(J116,AG116),"-") -> - | BE116: =IF(AND(K116>0,AH116>0),MIN(K116,AH116),"-") -> - | BF116: =IF(AND(L116>0,AI116>0),MIN(L116,AI116),"-") -> - | BG116: =IF(COUNTIF(AX116:BF116,"<>-")=9,SUM(AX116:BF116),"-") -> - | BH116: =IF(AND(N116>0,AK116>0),MIN(N116,AK116),"-") -> - | BI116: =IF(AND(O116>0,AL116>0),MIN(O116,AL116),"-") -> - | BJ116: =IF(AND(P116>0,AM116>0),MIN(P116,AM116),"-") -> - | BK116: =IF(AND(Q116>0,AN116>0),MIN(Q116,AN116),"-") -> - | BL116: =IF(AND(R116>0,AO116>0),MIN(R116,AO116),"-") -> - | BM116: =IF(AND(S116>0,AP116>0),MIN(S116,AP116),"-") -> - | BN116: =IF(AND(T116>0,AQ116>0),MIN(T116,AQ116),"-") -> - | BO116: =IF(AND(U116>0,AR116>0),MIN(U116,AR116),"-") -> - | BP116: =IF(AND(V116>0,AS116>0),MIN(V116,AS116),"-") -> - | BQ116: =IF(COUNTIF(BH116:BP116,"<>-")=9,SUM(BH116:BP116),"-") -> - | BR116: =BG116 -> - | BS116: =IF(COUNTIF(BQ116:BR116,"<>-")=2,SUM(BQ116:BR116),"-") -> - | BT116: =IF(ISNUMBER(BS116),BS116-(C116*Rules!$P$9/100),"-") -> - | BU116: =RANK($BT116,$BT$5:$BT$106,1)+COUNTIF(BT$5:BT116,BT116)-1 -> #VALUE! | BV116: =RANK(BT116,$BT$5:$BT$215,1) -> #VALUE! | BW116: =B116 | BX116: =C116 -> 0 | BY116: =BT116 -> - | CL116: 1
... A215: 211 | B215: ='A Div'!A215 & " " & 'A Div'!B215 | C215: ='A Div'!E215 -> 0 | M215: =IF(COUNTIF(D215:L215,"<>"&"")=9,SUM(D215:L215),"-") -> - | W215: =IF(COUNTIF(N215:V215,"<>"&"")=9,SUM(N215:V215),"-") -> - | X215: =IF(AND(ISNUMBER(M215),ISNUMBER(W215)),M215+W215,"-") -> - | Y215: =IF(ISNUMBER(X215),X215-C215,"-") -> - | AJ215: =IF(COUNTIF(AA215:AI215,"<>"&"")=9,SUM(AA215:AI215),"-") -> - | AT215: =IF(COUNTIF(AK215:AS215,"<>"&"")=9,SUM(AK215:AS215),"-") -> - | AU215: =IF(AND(ISNUMBER(AJ215),ISNUMBER(AT215)),AJ215+AT215,"-") -> - | AV215: =IF(ISNUMBER(AU215),AU215-C215,"-") -> - | AX215: =IF(AND(D215>0,AA215>0),MIN(D215,AA215),"-") -> - | AY215: =IF(AND(E215>0,AB215>0),MIN(E215,AB215),"-") -> - | AZ215: =IF(AND(F215>0,AC215>0),MIN(F215,AC215),"-") -> - | BA215: =IF(AND(G215>0,AD215>0),MIN(G215,AD215),"-") -> - | BB215: =IF(AND(H215>0,AE215>0),MIN(H215,AE215),"-") -> - | BC215: =IF(AND(I215>0,AF215>0),MIN(I215,AF215),"-") -> - | BD215: =IF(AND(J215>0,AG215>0),MIN(J215,AG215),"-") -> - | BE215: =IF(AND(K215>0,AH215>0),MIN(K215,AH215),"-") -> - | BF215: =IF(AND(L215>0,AI215>0),MIN(L215,AI215),"-") -> - | BG215: =IF(COUNTIF(AX215:BF215,"<>-")=9,SUM(AX215:BF215),"-") -> - | BH215: =IF(AND(N215>0,AK215>0),MIN(N215,AK215),"-") -> - | BI215: =IF(AND(O215>0,AL215>0),MIN(O215,AL215),"-") -> - | BJ215: =IF(AND(P215>0,AM215>0),MIN(P215,AM215),"-") -> - | BK215: =IF(AND(Q215>0,AN215>0),MIN(Q215,AN215),"-") -> - | BL215: =IF(AND(R215>0,AO215>0),MIN(R215,AO215),"-") -> - | BM215: =IF(AND(S215>0,AP215>0),MIN(S215,AP215),"-") -> - | BN215: =IF(AND(T215>0,AQ215>0),MIN(T215,AQ215),"-") -> - | BO215: =IF(AND(U215>0,AR215>0),MIN(U215,AR215),"-") -> - | BP215: =IF(AND(V215>0,AS215>0),MIN(V215,AS215),"-") -> - | BQ215: =IF(COUNTIF(BH215:BP215,"<>-")=9,SUM(BH215:BP215),"-") -> - | BR215: =BG215 -> - | BS215: =IF(COUNTIF(BQ215:BR215,"<>-")=2,SUM(BQ215:BR215),"-") -> - | BT215: =IF(ISNUMBER(BS215),BS215-(C215*Rules!$P$9/100),"-") -> - | BU215: =RANK($BT215,$BT$5:$BT$106,1)+COUNTIF(BT$5:BT215,BT215)-1 -> #VALUE! | BV215: =RANK(BT215,$BT$5:$BT$215,1) -> #VALUE! | BW215: =B215 | BX215: =C215 -> 0 | BY215: =BT215 -> - | CL215: 1

Sheet Eclectic B
CD2: Gross of best for each day less 25% of Playing Handicap
D3: DAY 1 | AA3: DAY 2 | AX3: Eclectic | CD3: B Div - Eclectic
A4: # | B4: Name | C4: HC | D4: 1 | E4: 2 | F4: 3 | G4: 4 | H4: 5 | I4: 6 | J4: 7 | K4: 8 | L4: 9 | M4: OUT | N4: 10 | O4: 11 | P4: 12 | Q4: 13 | R4: 14 | S4: 15 | T4: 16 | U4: 17 | V4: 18 | W4: IN | X4: GROSS | Y4: NET | AA4: 1 | AB4: 2 | AC4: 3 | AD4: 4 | AE4: 5 | AF4: 6 | AG4: 7 | AH4: 8 | AI4: 9 | AJ4: OUT | AK4: 10 | AL4: 11 | AM4: 12 | AN4: 13 | AO4: 14 | AP4: 15 | AQ4: 16 | AR4: 17 | AS4: 18 | AT4: IN | AU4: GROSS | AV4: NET | AX4: 1 | AY4: 2 | AZ4: 3 | BA4: 4 | BB4: 5 | BC4: 6 | BD4: 7 | BE4: 8 | BF4: 9 | BG4: OUT | BH4: 10 | BI4: 11 | BJ4: 12 | BK4: 13 | BL4: 14 | BM4: 15 | BN4: 16 | BO4: 17 | BP4: 18 | BQ4: IN | BR4: OUT | BS4: Gross | BT4: Net | BU4: Net RANK (no ties) | BV4: Net Rank with Ties | BW4: Name And Surname | BX4: HC | BY4: Net | CD4: Pos | CE4: Name | CF4: Net
A5: 1 | B5: ='B Div'!A5 & " " & 'B Div'!B5 -> KAY DUNKLEY | C5: ='B Div'!E5 -> 16 | D5: 6 | E5: 5 | F5: 6 | G5: 6 | H5: 5 | I5: 3 | J5: 6 | K5: 5 | L5: 5 | M5: =IF(COUNTIF(D5:L5,"<>"&"")=9,SUM(D5:L5),"-") -> 47 | N5: 7 | O5: 4 | P5: 4 | Q5: 4 | R5: 4 | S5: 5 | T5: 4 | U5: 5 | V5: 7 | W5: =IF(COUNTIF(N5:V5,"<>"&"")=9,SUM(N5:V5),"-") -> 44 | X5: =IF(AND(ISNUMBER(M5),ISNUMBER(W5)),M5+W5,"-") -> 91 | Y5: =IF(ISNUMBER(X5),X5-C5,"-") -> 75 | AA5: 5 | AB5: 4 | AC5: 5 | AD5: 5 | AE5: 7 | AF5: 4 | AG5: 5 | AH5: 5 | AI5: 5 | AJ5: =IF(COUNTIF(AA5:AI5,"<>"&"")=9,SUM(AA5:AI5),"-") -> 45 | AK5: 6 | AL5: 8 | AM5: 3 | AN5: 6 | AO5: 4 | AP5: 6 | AQ5: 4 | AR5: 6 | AS5: 7 | AT5: =IF(COUNTIF(AK5:AS5,"<>"&"")=9,SUM(AK5:AS5),"-") -> 50 | AU5: =IF(AND(ISNUMBER(AJ5),ISNUMBER(AT5)),AJ5+AT5,"-") -> 95 | AV5: =IF(ISNUMBER(AU5),AU5-C5,"-") -> 79 | AX5: =IF(AND(D5>0,AA5>0),MIN(D5,AA5),"-") -> 5 | AY5: =IF(AND(E5>0,AB5>0),MIN(E5,AB5),"-") -> 4 | AZ5: =IF(AND(F5>0,AC5>0),MIN(F5,AC5),"-") -> 5 | BA5: =IF(AND(G5>0,AD5>0),MIN(G5,AD5),"-") -> 5 | BB5: =IF(AND(H5>0,AE5>0),MIN(H5,AE5),"-") -> 5 | BC5: =IF(AND(I5>0,AF5>0),MIN(I5,AF5),"-") -> 3 | BD5: =IF(AND(J5>0,AG5>0),MIN(J5,AG5),"-") -> 5 | BE5: =IF(AND(K5>0,AH5>0),MIN(K5,AH5),"-") -> 5 | BF5: =IF(AND(L5>0,AI5>0),MIN(L5,AI5),"-") -> 5 | BG5: =IF(COUNTIF(AX5:BF5,"<>-")=9,SUM(AX5:BF5),"-") -> 42 | BH5: =IF(AND(N5>0,AK5>0),MIN(N5,AK5),"-") -> 6 | BI5: =IF(AND(O5>0,AL5>0),MIN(O5,AL5),"-") -> 4 | BJ5: =IF(AND(P5>0,AM5>0),MIN(P5,AM5),"-") -> 3 | BK5: =IF(AND(Q5>0,AN5>0),MIN(Q5,AN5),"-") -> 4 | BL5: =IF(AND(R5>0,AO5>0),MIN(R5,AO5),"-") -> 4 | BM5: =IF(AND(S5>0,AP5>0),MIN(S5,AP5),"-") -> 5 | BN5: =IF(AND(T5>0,AQ5>0),MIN(T5,AQ5),"-") -> 4 | BO5: =IF(AND(U5>0,AR5>0),MIN(U5,AR5),"-") -> 5 | BP5: =IF(AND(V5>0,AS5>0),MIN(V5,AS5),"-") -> 7 | BQ5: =IF(COUNTIF(BH5:BP5,"<>-")=9,SUM(BH5:BP5),"-") -> 42 | BR5: =BG5 -> 42 | BS5: =IF(COUNTIF(BQ5:BR5,"<>-")=2,SUM(BQ5:BR5),"-") -> 84 | BT5: =IF(ISNUMBER(BS5),BS5-(C5*Rules!$P$9/100),"-") -> 80 | BU5: =RANK($BT5,$BT$5:$BT$106,1)+COUNTIF(BT$5:BT5,BT5)-1 -> 3 | BV5: =RANK(BT5,$BT$5:$BT$215,1) -> 3 | BW5: =B5 -> KAY DUNKLEY | BX5: =C5 -> 16 | BY5: =BT5 -> 80 | CC5: 1 | CD5: =VLOOKUP(CC5,$BV$5:BY$215,1,FALSE) -> 1 | CE5: =VLOOKUP(CC5,$BV$5:BY$215,2,FALSE) -> TARA SMITH | CF5: =VLOOKUP(CC5,$BV$5:BY$215,4,FALSE) -> 70.5 | CL5: 1
A6: 2 | B6: ='B Div'!A6 & " " & 'B Div'!B6 -> ALIDA HOOPER | C6: ='B Div'!E6 -> 15 | D6: 5 | E6: 3 | F6: 6 | G6: 4 | H6: 5 | I6: 4 | J6: 4 | K6: 6 | L6: 5 | M6: =IF(COUNTIF(D6:L6,"<>"&"")=9,SUM(D6:L6),"-") -> 42 | N6: 6 | O6: 6 | P6: 6 | Q6: 8 | R6: 3 | S6: 6 | T6: 6 | U6: 7 | V6: 7 | W6: =IF(COUNTIF(N6:V6,"<>"&"")=9,SUM(N6:V6),"-") -> 55 | X6: =IF(AND(ISNUMBER(M6),ISNUMBER(W6)),M6+W6,"-") -> 97 | Y6: =IF(ISNUMBER(X6),X6-C6,"-") -> 82 | AA6: 4 | AB6: 4 | AC6: 5 | AD6: 5 | AE6: 6 | AF6: 4 | AG6: 6 | AH6: 5 | AI6: 5 | AJ6: =IF(COUNTIF(AA6:AI6,"<>"&"")=9,SUM(AA6:AI6),"-") -> 44 | AK6: 5 | AL6: 5 | AM6: 6 | AN6: 6 | AO6: 4 | AP6: 5 | AQ6: 4 | AR6: 6 | AS6: 6 | AT6: =IF(COUNTIF(AK6:AS6,"<>"&"")=9,SUM(AK6:AS6),"-") -> 47 | AU6: =IF(AND(ISNUMBER(AJ6),ISNUMBER(AT6)),AJ6+AT6,"-") -> 91 | AV6: =IF(ISNUMBER(AU6),AU6-C6,"-") -> 76 | AX6: =IF(AND(D6>0,AA6>0),MIN(D6,AA6),"-") -> 4 | AY6: =IF(AND(E6>0,AB6>0),MIN(E6,AB6),"-") -> 3 | AZ6: =IF(AND(F6>0,AC6>0),MIN(F6,AC6),"-") -> 5 | BA6: =IF(AND(G6>0,AD6>0),MIN(G6,AD6),"-") -> 4 | BB6: =IF(AND(H6>0,AE6>0),MIN(H6,AE6),"-") -> 5 | BC6: =IF(AND(I6>0,AF6>0),MIN(I6,AF6),"-") -> 4 | BD6: =IF(AND(J6>0,AG6>0),MIN(J6,AG6),"-") -> 4 | BE6: =IF(AND(K6>0,AH6>0),MIN(K6,AH6),"-") -> 5 | BF6: =IF(AND(L6>0,AI6>0),MIN(L6,AI6),"-") -> 5 | BG6: =IF(COUNTIF(AX6:BF6,"<>-")=9,SUM(AX6:BF6),"-") -> 39 | BH6: =IF(AND(N6>0,AK6>0),MIN(N6,AK6),"-") -> 5 | BI6: =IF(AND(O6>0,AL6>0),MIN(O6,AL6),"-") -> 5 | BJ6: =IF(AND(P6>0,AM6>0),MIN(P6,AM6),"-") -> 6 | BK6: =IF(AND(Q6>0,AN6>0),MIN(Q6,AN6),"-") -> 6 | BL6: =IF(AND(R6>0,AO6>0),MIN(R6,AO6),"-") -> 3 | BM6: =IF(AND(S6>0,AP6>0),MIN(S6,AP6),"-") -> 5 | BN6: =IF(AND(T6>0,AQ6>0),MIN(T6,AQ6),"-") -> 4 | BO6: =IF(AND(U6>0,AR6>0),MIN(U6,AR6),"-") -> 6 | BP6: =IF(AND(V6>0,AS6>0),MIN(V6,AS6),"-") -> 6 | BQ6: =IF(COUNTIF(BH6:BP6,"<>-")=9,SUM(BH6:BP6),"-") -> 46 | BR6: =BG6 -> 39 | BS6: =IF(COUNTIF(BQ6:BR6,"<>-")=2,SUM(BQ6:BR6),"-") -> 85 | BT6: =IF(ISNUMBER(BS6),BS6-(C6*Rules!$P$9/100),"-") -> 81.25 | BU6: =RANK($BT6,$BT$5:$BT$106,1)+COUNTIF(BT$5:BT6,BT6)-1 -> 5 | BV6: =RANK(BT6,$BT$5:$BT$215,1) -> 5 | BW6: =B6 -> ALIDA HOOPER | BX6: =C6 -> 15 | BY6: =BT6 -> 81.25 | CC6: 2 | CD6: =VLOOKUP(CC6,$BV$5:BY$215,1,FALSE) -> 2 | CE6: =VLOOKUP(CC6,$BV$5:BY$215,2,FALSE) -> ANITA VAN DER LINDE | CF6: =VLOOKUP(CC6,$BV$5:BY$215,4,FALSE) -> 79 | CL6: 1
A7: 3 | B7: ='B Div'!A7 & " " & 'B Div'!B7 -> SONJA HOPCROFT | C7: ='B Div'!E7 -> 13 | D7: 6 | E7: 3 | F7: 6 | G7: 4 | H7: 5 | I7: 6 | J7: 6 | K7: 5 | L7: 4 | M7: =IF(COUNTIF(D7:L7,"<>"&"")=9,SUM(D7:L7),"-") -> 45 | N7: 7 | O7: 5 | P7: 4 | Q7: 6 | R7: 3 | S7: 6 | T7: 5 | U7: 5 | V7: 7 | W7: =IF(COUNTIF(N7:V7,"<>"&"")=9,SUM(N7:V7),"-") -> 48 | X7: =IF(AND(ISNUMBER(M7),ISNUMBER(W7)),M7+W7,"-") -> 93 | Y7: =IF(ISNUMBER(X7),X7-C7,"-") -> 80 | AA7: 5 | AB7: 4 | AC7: 6 | AD7: 4 | AE7: 6 | AF7: 6 | AG7: 5 | AH7: 5 | AI7: 7 | AJ7: =IF(COUNTIF(AA7:AI7,"<>"&"")=9,SUM(AA7:AI7),"-") -> 48 | AK7: 5 | AL7: 7 | AM7: 3 | AN7: 5 | AO7: 5 | AP7: 6 | AQ7: 4 | AR7: 5 | AS7: 5 | AT7: =IF(COUNTIF(AK7:AS7,"<>"&"")=9,SUM(AK7:AS7),"-") -> 45 | AU7: =IF(AND(ISNUMBER(AJ7),ISNUMBER(AT7)),AJ7+AT7,"-") -> 93 | AV7: =IF(ISNUMBER(AU7),AU7-C7,"-") -> 80 | AX7: =IF(AND(D7>0,AA7>0),MIN(D7,AA7),"-") -> 5 | AY7: =IF(AND(E7>0,AB7>0),MIN(E7,AB7),"-") -> 3 | AZ7: =IF(AND(F7>0,AC7>0),MIN(F7,AC7),"-") -> 6 | BA7: =IF(AND(G7>0,AD7>0),MIN(G7,AD7),"-") -> 4 | BB7: =IF(AND(H7>0,AE7>0),MIN(H7,AE7),"-") -> 5 | BC7: =IF(AND(I7>0,AF7>0),MIN(I7,AF7),"-") -> 6 | BD7: =IF(AND(J7>0,AG7>0),MIN(J7,AG7),"-") -> 5 | BE7: =IF(AND(K7>0,AH7>0),MIN(K7,AH7),"-") -> 5 | BF7: =IF(AND(L7>0,AI7>0),MIN(L7,AI7),"-") -> 4 | BG7: =IF(COUNTIF(AX7:BF7,"<>-")=9,SUM(AX7:BF7),"-") -> 43 | BH7: =IF(AND(N7>0,AK7>0),MIN(N7,AK7),"-") -> 5 | BI7: =IF(AND(O7>0,AL7>0),MIN(O7,AL7),"-") -> 5 | BJ7: =IF(AND(P7>0,AM7>0),MIN(P7,AM7),"-") -> 3 | BK7: =IF(AND(Q7>0,AN7>0),MIN(Q7,AN7),"-") -> 5 | BL7: =IF(AND(R7>0,AO7>0),MIN(R7,AO7),"-") -> 3 | BM7: =IF(AND(S7>0,AP7>0),MIN(S7,AP7),"-") -> 6 | BN7: =IF(AND(T7>0,AQ7>0),MIN(T7,AQ7),"-") -> 4 | BO7: =IF(AND(U7>0,AR7>0),MIN(U7,AR7),"-") -> 5 | BP7: =IF(AND(V7>0,AS7>0),MIN(V7,AS7),"-") -> 5 | BQ7: =IF(COUNTIF(BH7:BP7,"<>-")=9,SUM(BH7:BP7),"-") -> 41 | BR7: =BG7 -> 43 | BS7: =IF(COUNTIF(BQ7:BR7,"<>-")=2,SUM(BQ7:BR7),"-") -> 84 | BT7: =IF(ISNUMBER(BS7),BS7-(C7*Rules!$P$9/100),"-") -> 80.75 | BU7: =RANK($BT7,$BT$5:$BT$106,1)+COUNTIF(BT$5:BT7,BT7)-1 -> 4 | BV7: =RANK(BT7,$BT$5:$BT$215,1) -> 4 | BW7: =B7 -> SONJA HOPCROFT | BX7: =C7 -> 13 | BY7: =BT7 -> 80.75 | CC7: 3 | CD7: =VLOOKUP(CC7,$BV$5:BY$215,1,FALSE) -> 3 | CE7: =VLOOKUP(CC7,$BV$5:BY$215,2,FALSE) -> KAY DUNKLEY | CF7: =VLOOKUP(CC7,$BV$5:BY$215,4,FALSE) -> 80 | CL7: 1
A8: 4 | B8: ='B Div'!A8 & " " & 'B Div'!B8 -> TARA SMITH | C8: ='B Div'!E8 -> 2 | D8: 4 | E8: 3 | F8: 4 | G8: 4 | H8: 5 | I8: 3 | J8: 4 | K8: 4 | L8: 3 | M8: =IF(COUNTIF(D8:L8,"<>"&"")=9,SUM(D8:L8),"-") -> 34 | N8: 4 | O8: 4 | P8: 3 | Q8: 4 | R8: 4 | S8: 5 | T8: 4 | U8: 5 | V8: 5 | W8: =IF(COUNTIF(N8:V8,"<>"&"")=9,SUM(N8:V8),"-") -> 38 | X8: =IF(AND(ISNUMBER(M8),ISNUMBER(W8)),M8+W8,"-") -> 72 | Y8: =IF(ISNUMBER(X8),X8-C8,"-") -> 70 | AA8: 4 | AB8: 4 | AC8: 4 | AD8: 5 | AE8: 7 | AF8: 5 | AG8: 4 | AH8: 4 | AI8: 3 | AJ8: =IF(COUNTIF(AA8:AI8,"<>"&"")=9,SUM(AA8:AI8),"-") -> 40 | AK8: 5 | AL8: 4 | AM8: 4 | AN8: 4 | AO8: 6 | AP8: 4 | AQ8: 5 | AR8: 5 | AS8: 5 | AT8: =IF(COUNTIF(AK8:AS8,"<>"&"")=9,SUM(AK8:AS8),"-") -> 42 | AU8: =IF(AND(ISNUMBER(AJ8),ISNUMBER(AT8)),AJ8+AT8,"-") -> 82 | AV8: =IF(ISNUMBER(AU8),AU8-C8,"-") -> 80 | AX8: =IF(AND(D8>0,AA8>0),MIN(D8,AA8),"-") -> 4 | AY8: =IF(AND(E8>0,AB8>0),MIN(E8,AB8),"-") -> 3 | AZ8: =IF(AND(F8>0,AC8>0),MIN(F8,AC8),"-") -> 4 | BA8: =IF(AND(G8>0,AD8>0),MIN(G8,AD8),"-") -> 4 | BB8: =IF(AND(H8>0,AE8>0),MIN(H8,AE8),"-") -> 5 | BC8: =IF(AND(I8>0,AF8>0),MIN(I8,AF8),"-") -> 3 | BD8: =IF(AND(J8>0,AG8>0),MIN(J8,AG8),"-") -> 4 | BE8: =IF(AND(K8>0,AH8>0),MIN(K8,AH8),"-") -> 4 | BF8: =IF(AND(L8>0,AI8>0),MIN(L8,AI8),"-") -> 3 | BG8: =IF(COUNTIF(AX8:BF8,"<>-")=9,SUM(AX8:BF8),"-") -> 34 | BH8: =IF(AND(N8>0,AK8>0),MIN(N8,AK8),"-") -> 4 | BI8: =IF(AND(O8>0,AL8>0),MIN(O8,AL8),"-") -> 4 | BJ8: =IF(AND(P8>0,AM8>0),MIN(P8,AM8),"-") -> 3 | BK8: =IF(AND(Q8>0,AN8>0),MIN(Q8,AN8),"-") -> 4 | BL8: =IF(AND(R8>0,AO8>0),MIN(R8,AO8),"-") -> 4 | BM8: =IF(AND(S8>0,AP8>0),MIN(S8,AP8),"-") -> 4 | BN8: =IF(AND(T8>0,AQ8>0),MIN(T8,AQ8),"-") -> 4 | BO8: =IF(AND(U8>0,AR8>0),MIN(U8,AR8),"-") -> 5 | BP8: =IF(AND(V8>0,AS8>0),MIN(V8,AS8),"-") -> 5 | BQ8: =IF(COUNTIF(BH8:BP8,"<>-")=9,SUM(BH8:BP8),"-") -> 37 | BR8: =BG8 -> 34 | BS8: =IF(COUNTIF(BQ8:BR8,"<>-")=2,SUM(BQ8:BR8),"-") -> 71 | BT8: =IF(ISNUMBER(BS8),BS8-(C8*Rules!$P$9/100),"-") -> 70.5 | BU8: =RANK($BT8,$BT$5:$BT$106,1)+COUNTIF(BT$5:BT8,BT8)-1 -> 1 | BV8: =RANK(BT8,$BT$5:$BT$215,1) -> 1 | BW8: =B8 -> TARA SMITH | BX8: =C8 -> 2 | BY8: =BT8 -> 70.5 | CC8: 4 | CD8: =VLOOKUP(CC8,$BV$5:BY$215,1,FALSE) -> 4 | CE8: =VLOOKUP(CC8,$BV$5:BY$215,2,FALSE) -> SONJA HOPCROFT | CF8: =VLOOKUP(CC8,$BV$5:BY$215,4,FALSE) -> 80.75 | CL8: 1
A9: 5 | B9: ='B Div'!A9 & " " & 'B Div'!B9 -> ANITA VAN DER LINDE | C9: ='B Div'!E9 -> 16 | D9: 6 | E9: 3 | F9: 6 | G9: 7 | H9: 5 | I9: 3 | J9: 5 | K9: 6 | L9: 4 | M9: =IF(COUNTIF(D9:L9,"<>"&"")=9,SUM(D9:L9),"-") -> 45 | N9: 8 | O9: 4 | P9: 4 | Q9: 6 | R9: 4 | S9: 6 | T9: 3 | U9: 6 | V9: 7 | W9: =IF(COUNTIF(N9:V9,"<>"&"")=9,SUM(N9:V9),"-") -> 48 | X9: =IF(AND(ISNUMBER(M9),ISNUMBER(W9)),M9+W9,"-") -> 93 | Y9: =IF(ISNUMBER(X9),X9-C9,"-") -> 77 | AA9: 5 | AB9: 3 | AC9: 5 | AD9: 5 | AE9: 7 | AF9: 3 | AG9: 6 | AH9: 5 | AI9: 4 | AJ9: =IF(COUNTIF(AA9:AI9,"<>"&"")=9,SUM(AA9:AI9),"-") -> 43 | AK9: 7 | AL9: 4 | AM9: 3 | AN9: 6 | AO9: 3 | AP9: 6 | AQ9: 5 | AR9: 6 | AS9: 5 | AT9: =IF(COUNTIF(AK9:AS9,"<>"&"")=9,SUM(AK9:AS9),"-") -> 45 | AU9: =IF(AND(ISNUMBER(AJ9),ISNUMBER(AT9)),AJ9+AT9,"-") -> 88 | AV9: =IF(ISNUMBER(AU9),AU9-C9,"-") -> 72 | AX9: =IF(AND(D9>0,AA9>0),MIN(D9,AA9),"-") -> 5 | AY9: =IF(AND(E9>0,AB9>0),MIN(E9,AB9),"-") -> 3 | AZ9: =IF(AND(F9>0,AC9>0),MIN(F9,AC9),"-") -> 5 | BA9: =IF(AND(G9>0,AD9>0),MIN(G9,AD9),"-") -> 5 | BB9: =IF(AND(H9>0,AE9>0),MIN(H9,AE9),"-") -> 5 | BC9: =IF(AND(I9>0,AF9>0),MIN(I9,AF9),"-") -> 3 | BD9: =IF(AND(J9>0,AG9>0),MIN(J9,AG9),"-") -> 5 | BE9: =IF(AND(K9>0,AH9>0),MIN(K9,AH9),"-") -> 5 | BF9: =IF(AND(L9>0,AI9>0),MIN(L9,AI9),"-") -> 4 | BG9: =IF(COUNTIF(AX9:BF9,"<>-")=9,SUM(AX9:BF9),"-") -> 40 | BH9: =IF(AND(N9>0,AK9>0),MIN(N9,AK9),"-") -> 7 | BI9: =IF(AND(O9>0,AL9>0),MIN(O9,AL9),"-") -> 4 | BJ9: =IF(AND(P9>0,AM9>0),MIN(P9,AM9),"-") -> 3 | BK9: =IF(AND(Q9>0,AN9>0),MIN(Q9,AN9),"-") -> 6 | BL9: =IF(AND(R9>0,AO9>0),MIN(R9,AO9),"-") -> 3 | BM9: =IF(AND(S9>0,AP9>0),MIN(S9,AP9),"-") -> 6 | BN9: =IF(AND(T9>0,AQ9>0),MIN(T9,AQ9),"-") -> 3 | BO9: =IF(AND(U9>0,AR9>0),MIN(U9,AR9),"-") -> 6 | BP9: =IF(AND(V9>0,AS9>0),MIN(V9,AS9),"-") -> 5 | BQ9: =IF(COUNTIF(BH9:BP9,"<>-")=9,SUM(BH9:BP9),"-") -> 43 | BR9: =BG9 -> 40 | BS9: =IF(COUNTIF(BQ9:BR9,"<>-")=2,SUM(BQ9:BR9),"-") -> 83 | BT9: =IF(ISNUMBER(BS9),BS9-(C9*Rules!$P$9/100),"-") -> 79 | BU9: =RANK($BT9,$BT$5:$BT$106,1)+COUNTIF(BT$5:BT9,BT9)-1 -> 2 | BV9: =RANK(BT9,$BT$5:$BT$215,1) -> 2 | BW9: =B9 -> ANITA VAN DER LINDE | BX9: =C9 -> 16 | BY9: =BT9 -> 79 | CC9: 5 | CD9: =VLOOKUP(CC9,$BV$5:BY$215,1,FALSE) -> 5 | CE9: =VLOOKUP(CC9,$BV$5:BY$215,2,FALSE) -> ALIDA HOOPER | CF9: =VLOOKUP(CC9,$BV$5:BY$215,4,FALSE) -> 81.25 | CL9: 1
A10: 6 | B10: ='B Div'!A10 & " " & 'B Div'!B10 | C10: ='B Div'!E10 -> - | M10: =IF(COUNTIF(D10:L10,"<>"&"")=9,SUM(D10:L10),"-") -> - | W10: =IF(COUNTIF(N10:V10,"<>"&"")=9,SUM(N10:V10),"-") -> - | X10: =IF(AND(ISNUMBER(M10),ISNUMBER(W10)),M10+W10,"-") -> - | Y10: =IF(ISNUMBER(X10),X10-C10,"-") -> - | AJ10: =IF(COUNTIF(AA10:AI10,"<>"&"")=9,SUM(AA10:AI10),"-") -> - | AT10: =IF(COUNTIF(AK10:AS10,"<>"&"")=9,SUM(AK10:AS10),"-") -> - | AU10: =IF(AND(ISNUMBER(AJ10),ISNUMBER(AT10)),AJ10+AT10,"-") -> - | AV10: =IF(ISNUMBER(AU10),AU10-C10,"-") -> - | AX10: =IF(AND(D10>0,AA10>0),MIN(D10,AA10),"-") -> - | AY10: =IF(AND(E10>0,AB10>0),MIN(E10,AB10),"-") -> - | AZ10: =IF(AND(F10>0,AC10>0),MIN(F10,AC10),"-") -> - | BA10: =IF(AND(G10>0,AD10>0),MIN(G10,AD10),"-") -> - | BB10: =IF(AND(H10>0,AE10>0),MIN(H10,AE10),"-") -> - | BC10: =IF(AND(I10>0,AF10>0),MIN(I10,AF10),"-") -> - | BD10: =IF(AND(J10>0,AG10>0),MIN(J10,AG10),"-") -> - | BE10: =IF(AND(K10>0,AH10>0),MIN(K10,AH10),"-") -> - | BF10: =IF(AND(L10>0,AI10>0),MIN(L10,AI10),"-") -> - | BG10: =IF(COUNTIF(AX10:BF10,"<>-")=9,SUM(AX10:BF10),"-") -> - | BH10: =IF(AND(N10>0,AK10>0),MIN(N10,AK10),"-") -> - | BI10: =IF(AND(O10>0,AL10>0),MIN(O10,AL10),"-") -> - | BJ10: =IF(AND(P10>0,AM10>0),MIN(P10,AM10),"-") -> - | BK10: =IF(AND(Q10>0,AN10>0),MIN(Q10,AN10),"-") -> - | BL10: =IF(AND(R10>0,AO10>0),MIN(R10,AO10),"-") -> - | BM10: =IF(AND(S10>0,AP10>0),MIN(S10,AP10),"-") -> - | BN10: =IF(AND(T10>0,AQ10>0),MIN(T10,AQ10),"-") -> - | BO10: =IF(AND(U10>0,AR10>0),MIN(U10,AR10),"-") -> - | BP10: =IF(AND(V10>0,AS10>0),MIN(V10,AS10),"-") -> - | BQ10: =IF(COUNTIF(BH10:BP10,"<>-")=9,SUM(BH10:BP10),"-") -> - | BR10: =BG10 -> - | BS10: =IF(COUNTIF(BQ10:BR10,"<>-")=2,SUM(BQ10:BR10),"-") -> - | BT10: =IF(ISNUMBER(BS10),BS10-(C10*Rules!$P$9/100),"-") -> - | BU10: =RANK($BT10,$BT$5:$BT$106,1)+COUNTIF(BT$5:BT10,BT10)-1 -> #VALUE! | BV10: =RANK(BT10,$BT$5:$BT$215,1) -> #VALUE! | BW10: =B10 | BX10: =C10 -> - | BY10: =BT10 -> - | CC10: 6 | CD10: =VLOOKUP(CC10,$BV$5:BY$215,1,FALSE) -> #N/A | CE10: =VLOOKUP(CC10,$BV$5:BY$215,2,FALSE) -> #N/A | CF10: =VLOOKUP(CC10,$BV$5:BY$215,4,FALSE) -> #N/A | CL10: 1
A11: 7 | B11: ='B Div'!A11 & " " & 'B Div'!B11 | C11: ='B Div'!E11 -> - | M11: =IF(COUNTIF(D11:L11,"<>"&"")=9,SUM(D11:L11),"-") -> - | W11: =IF(COUNTIF(N11:V11,"<>"&"")=9,SUM(N11:V11),"-") -> - | X11: =IF(AND(ISNUMBER(M11),ISNUMBER(W11)),M11+W11,"-") -> - | Y11: =IF(ISNUMBER(X11),X11-C11,"-") -> - | AJ11: =IF(COUNTIF(AA11:AI11,"<>"&"")=9,SUM(AA11:AI11),"-") -> - | AT11: =IF(COUNTIF(AK11:AS11,"<>"&"")=9,SUM(AK11:AS11),"-") -> - | AU11: =IF(AND(ISNUMBER(AJ11),ISNUMBER(AT11)),AJ11+AT11,"-") -> - | AV11: =IF(ISNUMBER(AU11),AU11-C11,"-") -> - | AX11: =IF(AND(D11>0,AA11>0),MIN(D11,AA11),"-") -> - | AY11: =IF(AND(E11>0,AB11>0),MIN(E11,AB11),"-") -> - | AZ11: =IF(AND(F11>0,AC11>0),MIN(F11,AC11),"-") -> - | BA11: =IF(AND(G11>0,AD11>0),MIN(G11,AD11),"-") -> - | BB11: =IF(AND(H11>0,AE11>0),MIN(H11,AE11),"-") -> - | BC11: =IF(AND(I11>0,AF11>0),MIN(I11,AF11),"-") -> - | BD11: =IF(AND(J11>0,AG11>0),MIN(J11,AG11),"-") -> - | BE11: =IF(AND(K11>0,AH11>0),MIN(K11,AH11),"-") -> - | BF11: =IF(AND(L11>0,AI11>0),MIN(L11,AI11),"-") -> - | BG11: =IF(COUNTIF(AX11:BF11,"<>-")=9,SUM(AX11:BF11),"-") -> - | BH11: =IF(AND(N11>0,AK11>0),MIN(N11,AK11),"-") -> - | BI11: =IF(AND(O11>0,AL11>0),MIN(O11,AL11),"-") -> - | BJ11: =IF(AND(P11>0,AM11>0),MIN(P11,AM11),"-") -> - | BK11: =IF(AND(Q11>0,AN11>0),MIN(Q11,AN11),"-") -> - | BL11: =IF(AND(R11>0,AO11>0),MIN(R11,AO11),"-") -> - | BM11: =IF(AND(S11>0,AP11>0),MIN(S11,AP11),"-") -> - | BN11: =IF(AND(T11>0,AQ11>0),MIN(T11,AQ11),"-") -> - | BO11: =IF(AND(U11>0,AR11>0),MIN(U11,AR11),"-") -> - | BP11: =IF(AND(V11>0,AS11>0),MIN(V11,AS11),"-") -> - | BQ11: =IF(COUNTIF(BH11:BP11,"<>-")=9,SUM(BH11:BP11),"-") -> - | BR11: =BG11 -> - | BS11: =IF(COUNTIF(BQ11:BR11,"<>-")=2,SUM(BQ11:BR11),"-") -> - | BT11: =IF(ISNUMBER(BS11),BS11-(C11*Rules!$P$9/100),"-") -> - | BU11: =RANK($BT11,$BT$5:$BT$106,1)+COUNTIF(BT$5:BT11,BT11)-1 -> #VALUE! | BV11: =RANK(BT11,$BT$5:$BT$215,1) -> #VALUE! | BW11: =B11 | BX11: =C11 -> - | BY11: =BT11 -> - | CC11: 7 | CD11: =VLOOKUP(CC11,$BV$5:BY$215,1,FALSE) -> #N/A | CE11: =VLOOKUP(CC11,$BV$5:BY$215,2,FALSE) -> #N/A | CF11: =VLOOKUP(CC11,$BV$5:BY$215,4,FALSE) -> #N/A | CL11: 1
A12: 8 | B12: ='B Div'!A12 & " " & 'B Div'!B12 | C12: ='B Div'!E12 -> - | M12: =IF(COUNTIF(D12:L12,"<>"&"")=9,SUM(D12:L12),"-") -> - | W12: =IF(COUNTIF(N12:V12,"<>"&"")=9,SUM(N12:V12),"-") -> - | X12: =IF(AND(ISNUMBER(M12),ISNUMBER(W12)),M12+W12,"-") -> - | Y12: =IF(ISNUMBER(X12),X12-C12,"-") -> - | AJ12: =IF(COUNTIF(AA12:AI12,"<>"&"")=9,SUM(AA12:AI12),"-") -> - | AT12: =IF(COUNTIF(AK12:AS12,"<>"&"")=9,SUM(AK12:AS12),"-") -> - | AU12: =IF(AND(ISNUMBER(AJ12),ISNUMBER(AT12)),AJ12+AT12,"-") -> - | AV12: =IF(ISNUMBER(AU12),AU12-C12,"-") -> - | AX12: =IF(AND(D12>0,AA12>0),MIN(D12,AA12),"-") -> - | AY12: =IF(AND(E12>0,AB12>0),MIN(E12,AB12),"-") -> - | AZ12: =IF(AND(F12>0,AC12>0),MIN(F12,AC12),"-") -> - | BA12: =IF(AND(G12>0,AD12>0),MIN(G12,AD12),"-") -> - | BB12: =IF(AND(H12>0,AE12>0),MIN(H12,AE12),"-") -> - | BC12: =IF(AND(I12>0,AF12>0),MIN(I12,AF12),"-") -> - | BD12: =IF(AND(J12>0,AG12>0),MIN(J12,AG12),"-") -> - | BE12: =IF(AND(K12>0,AH12>0),MIN(K12,AH12),"-") -> - | BF12: =IF(AND(L12>0,AI12>0),MIN(L12,AI12),"-") -> - | BG12: =IF(COUNTIF(AX12:BF12,"<>-")=9,SUM(AX12:BF12),"-") -> - | BH12: =IF(AND(N12>0,AK12>0),MIN(N12,AK12),"-") -> - | BI12: =IF(AND(O12>0,AL12>0),MIN(O12,AL12),"-") -> - | BJ12: =IF(AND(P12>0,AM12>0),MIN(P12,AM12),"-") -> - | BK12: =IF(AND(Q12>0,AN12>0),MIN(Q12,AN12),"-") -> - | BL12: =IF(AND(R12>0,AO12>0),MIN(R12,AO12),"-") -> - | BM12: =IF(AND(S12>0,AP12>0),MIN(S12,AP12),"-") -> - | BN12: =IF(AND(T12>0,AQ12>0),MIN(T12,AQ12),"-") -> - | BO12: =IF(AND(U12>0,AR12>0),MIN(U12,AR12),"-") -> - | BP12: =IF(AND(V12>0,AS12>0),MIN(V12,AS12),"-") -> - | BQ12: =IF(COUNTIF(BH12:BP12,"<>-")=9,SUM(BH12:BP12),"-") -> - | BR12: =BG12 -> - | BS12: =IF(COUNTIF(BQ12:BR12,"<>-")=2,SUM(BQ12:BR12),"-") -> - | BT12: =IF(ISNUMBER(BS12),BS12-(C12*Rules!$P$9/100),"-") -> - | BU12: =RANK($BT12,$BT$5:$BT$106,1)+COUNTIF(BT$5:BT12,BT12)-1 -> #VALUE! | BV12: =RANK(BT12,$BT$5:$BT$215,1) -> #VALUE! | BW12: =B12 | BX12: =C12 -> - | BY12: =BT12 -> - | CC12: 8 | CD12: =VLOOKUP(CC12,$BV$5:BY$215,1,FALSE) -> #N/A | CE12: =VLOOKUP(CC12,$BV$5:BY$215,2,FALSE) -> #N/A | CF12: =VLOOKUP(CC12,$BV$5:BY$215,4,FALSE) -> #N/A | CL12: 1
A13: 9 | B13: ='B Div'!A13 & " " & 'B Div'!B13 | C13: ='B Div'!E13 -> - | M13: =IF(COUNTIF(D13:L13,"<>"&"")=9,SUM(D13:L13),"-") -> - | W13: =IF(COUNTIF(N13:V13,"<>"&"")=9,SUM(N13:V13),"-") -> - | X13: =IF(AND(ISNUMBER(M13),ISNUMBER(W13)),M13+W13,"-") -> - | Y13: =IF(ISNUMBER(X13),X13-C13,"-") -> - | AJ13: =IF(COUNTIF(AA13:AI13,"<>"&"")=9,SUM(AA13:AI13),"-") -> - | AT13: =IF(COUNTIF(AK13:AS13,"<>"&"")=9,SUM(AK13:AS13),"-") -> - | AU13: =IF(AND(ISNUMBER(AJ13),ISNUMBER(AT13)),AJ13+AT13,"-") -> - | AV13: =IF(ISNUMBER(AU13),AU13-C13,"-") -> - | AX13: =IF(AND(D13>0,AA13>0),MIN(D13,AA13),"-") -> - | AY13: =IF(AND(E13>0,AB13>0),MIN(E13,AB13),"-") -> - | AZ13: =IF(AND(F13>0,AC13>0),MIN(F13,AC13),"-") -> - | BA13: =IF(AND(G13>0,AD13>0),MIN(G13,AD13),"-") -> - | BB13: =IF(AND(H13>0,AE13>0),MIN(H13,AE13),"-") -> - | BC13: =IF(AND(I13>0,AF13>0),MIN(I13,AF13),"-") -> - | BD13: =IF(AND(J13>0,AG13>0),MIN(J13,AG13),"-") -> - | BE13: =IF(AND(K13>0,AH13>0),MIN(K13,AH13),"-") -> - | BF13: =IF(AND(L13>0,AI13>0),MIN(L13,AI13),"-") -> - | BG13: =IF(COUNTIF(AX13:BF13,"<>-")=9,SUM(AX13:BF13),"-") -> - | BH13: =IF(AND(N13>0,AK13>0),MIN(N13,AK13),"-") -> - | BI13: =IF(AND(O13>0,AL13>0),MIN(O13,AL13),"-") -> - | BJ13: =IF(AND(P13>0,AM13>0),MIN(P13,AM13),"-") -> - | BK13: =IF(AND(Q13>0,AN13>0),MIN(Q13,AN13),"-") -> - | BL13: =IF(AND(R13>0,AO13>0),MIN(R13,AO13),"-") -> - | BM13: =IF(AND(S13>0,AP13>0),MIN(S13,AP13),"-") -> - | BN13: =IF(AND(T13>0,AQ13>0),MIN(T13,AQ13),"-") -> - | BO13: =IF(AND(U13>0,AR13>0),MIN(U13,AR13),"-") -> - | BP13: =IF(AND(V13>0,AS13>0),MIN(V13,AS13),"-") -> - | BQ13: =IF(COUNTIF(BH13:BP13,"<>-")=9,SUM(BH13:BP13),"-") -> - | BR13: =BG13 -> - | BS13: =IF(COUNTIF(BQ13:BR13,"<>-")=2,SUM(BQ13:BR13),"-") -> - | BT13: =IF(ISNUMBER(BS13),BS13-(C13*Rules!$P$9/100),"-") -> - | BU13: =RANK($BT13,$BT$5:$BT$106,1)+COUNTIF(BT$5:BT13,BT13)-1 -> #VALUE! | BV13: =RANK(BT13,$BT$5:$BT$215,1) -> #VALUE! | BW13: =B13 | BX13: =C13 -> - | BY13: =BT13 -> - | CC13: 9 | CD13: =VLOOKUP(CC13,$BV$5:BY$215,1,FALSE) -> #N/A | CE13: =VLOOKUP(CC13,$BV$5:BY$215,2,FALSE) -> #N/A | CF13: =VLOOKUP(CC13,$BV$5:BY$215,4,FALSE) -> #N/A | CL13: 1
A14: 10 | B14: ='B Div'!A14 & " " & 'B Div'!B14 | C14: ='B Div'!E14 -> - | M14: =IF(COUNTIF(D14:L14,"<>"&"")=9,SUM(D14:L14),"-") -> - | W14: =IF(COUNTIF(N14:V14,"<>"&"")=9,SUM(N14:V14),"-") -> - | X14: =IF(AND(ISNUMBER(M14),ISNUMBER(W14)),M14+W14,"-") -> - | Y14: =IF(ISNUMBER(X14),X14-C14,"-") -> - | AJ14: =IF(COUNTIF(AA14:AI14,"<>"&"")=9,SUM(AA14:AI14),"-") -> - | AT14: =IF(COUNTIF(AK14:AS14,"<>"&"")=9,SUM(AK14:AS14),"-") -> - | AU14: =IF(AND(ISNUMBER(AJ14),ISNUMBER(AT14)),AJ14+AT14,"-") -> - | AV14: =IF(ISNUMBER(AU14),AU14-C14,"-") -> - | AX14: =IF(AND(D14>0,AA14>0),MIN(D14,AA14),"-") -> - | AY14: =IF(AND(E14>0,AB14>0),MIN(E14,AB14),"-") -> - | AZ14: =IF(AND(F14>0,AC14>0),MIN(F14,AC14),"-") -> - | BA14: =IF(AND(G14>0,AD14>0),MIN(G14,AD14),"-") -> - | BB14: =IF(AND(H14>0,AE14>0),MIN(H14,AE14),"-") -> - | BC14: =IF(AND(I14>0,AF14>0),MIN(I14,AF14),"-") -> - | BD14: =IF(AND(J14>0,AG14>0),MIN(J14,AG14),"-") -> - | BE14: =IF(AND(K14>0,AH14>0),MIN(K14,AH14),"-") -> - | BF14: =IF(AND(L14>0,AI14>0),MIN(L14,AI14),"-") -> - | BG14: =IF(COUNTIF(AX14:BF14,"<>-")=9,SUM(AX14:BF14),"-") -> - | BH14: =IF(AND(N14>0,AK14>0),MIN(N14,AK14),"-") -> - | BI14: =IF(AND(O14>0,AL14>0),MIN(O14,AL14),"-") -> - | BJ14: =IF(AND(P14>0,AM14>0),MIN(P14,AM14),"-") -> - | BK14: =IF(AND(Q14>0,AN14>0),MIN(Q14,AN14),"-") -> - | BL14: =IF(AND(R14>0,AO14>0),MIN(R14,AO14),"-") -> - | BM14: =IF(AND(S14>0,AP14>0),MIN(S14,AP14),"-") -> - | BN14: =IF(AND(T14>0,AQ14>0),MIN(T14,AQ14),"-") -> - | BO14: =IF(AND(U14>0,AR14>0),MIN(U14,AR14),"-") -> - | BP14: =IF(AND(V14>0,AS14>0),MIN(V14,AS14),"-") -> - | BQ14: =IF(COUNTIF(BH14:BP14,"<>-")=9,SUM(BH14:BP14),"-") -> - | BR14: =BG14 -> - | BS14: =IF(COUNTIF(BQ14:BR14,"<>-")=2,SUM(BQ14:BR14),"-") -> - | BT14: =IF(ISNUMBER(BS14),BS14-(C14*Rules!$P$9/100),"-") -> - | BU14: =RANK($BT14,$BT$5:$BT$106,1)+COUNTIF(BT$5:BT14,BT14)-1 -> #VALUE! | BV14: =RANK(BT14,$BT$5:$BT$215,1) -> #VALUE! | BW14: =B14 | BX14: =C14 -> - | BY14: =BT14 -> - | CC14: 10 | CD14: =VLOOKUP(CC14,$BV$5:BY$215,1,FALSE) -> #N/A | CE14: =VLOOKUP(CC14,$BV$5:BY$215,2,FALSE) -> #N/A | CF14: =VLOOKUP(CC14,$BV$5:BY$215,4,FALSE) -> #N/A | CL14: 1
A15: 11 | B15: ='B Div'!A15 & " " & 'B Div'!B15 | C15: ='B Div'!E15 -> - | M15: =IF(COUNTIF(D15:L15,"<>"&"")=9,SUM(D15:L15),"-") -> - | W15: =IF(COUNTIF(N15:V15,"<>"&"")=9,SUM(N15:V15),"-") -> - | X15: =IF(AND(ISNUMBER(M15),ISNUMBER(W15)),M15+W15,"-") -> - | Y15: =IF(ISNUMBER(X15),X15-C15,"-") -> - | AJ15: =IF(COUNTIF(AA15:AI15,"<>"&"")=9,SUM(AA15:AI15),"-") -> - | AT15: =IF(COUNTIF(AK15:AS15,"<>"&"")=9,SUM(AK15:AS15),"-") -> - | AU15: =IF(AND(ISNUMBER(AJ15),ISNUMBER(AT15)),AJ15+AT15,"-") -> - | AV15: =IF(ISNUMBER(AU15),AU15-C15,"-") -> - | AX15: =IF(AND(D15>0,AA15>0),MIN(D15,AA15),"-") -> - | AY15: =IF(AND(E15>0,AB15>0),MIN(E15,AB15),"-") -> - | AZ15: =IF(AND(F15>0,AC15>0),MIN(F15,AC15),"-") -> - | BA15: =IF(AND(G15>0,AD15>0),MIN(G15,AD15),"-") -> - | BB15: =IF(AND(H15>0,AE15>0),MIN(H15,AE15),"-") -> - | BC15: =IF(AND(I15>0,AF15>0),MIN(I15,AF15),"-") -> - | BD15: =IF(AND(J15>0,AG15>0),MIN(J15,AG15),"-") -> - | BE15: =IF(AND(K15>0,AH15>0),MIN(K15,AH15),"-") -> - | BF15: =IF(AND(L15>0,AI15>0),MIN(L15,AI15),"-") -> - | BG15: =IF(COUNTIF(AX15:BF15,"<>-")=9,SUM(AX15:BF15),"-") -> - | BH15: =IF(AND(N15>0,AK15>0),MIN(N15,AK15),"-") -> - | BI15: =IF(AND(O15>0,AL15>0),MIN(O15,AL15),"-") -> - | BJ15: =IF(AND(P15>0,AM15>0),MIN(P15,AM15),"-") -> - | BK15: =IF(AND(Q15>0,AN15>0),MIN(Q15,AN15),"-") -> - | BL15: =IF(AND(R15>0,AO15>0),MIN(R15,AO15),"-") -> - | BM15: =IF(AND(S15>0,AP15>0),MIN(S15,AP15),"-") -> - | BN15: =IF(AND(T15>0,AQ15>0),MIN(T15,AQ15),"-") -> - | BO15: =IF(AND(U15>0,AR15>0),MIN(U15,AR15),"-") -> - | BP15: =IF(AND(V15>0,AS15>0),MIN(V15,AS15),"-") -> - | BQ15: =IF(COUNTIF(BH15:BP15,"<>-")=9,SUM(BH15:BP15),"-") -> - | BR15: =BG15 -> - | BS15: =IF(COUNTIF(BQ15:BR15,"<>-")=2,SUM(BQ15:BR15),"-") -> - | BT15: =IF(ISNUMBER(BS15),BS15-(C15*Rules!$P$9/100),"-") -> - | BU15: =RANK($BT15,$BT$5:$BT$106,1)+COUNTIF(BT$5:BT15,BT15)-1 -> #VALUE! | BV15: =RANK(BT15,$BT$5:$BT$215,1) -> #VALUE! | BW15: =B15 | BX15: =C15 -> - | BY15: =BT15 -> - | CC15: 11 | CD15: =VLOOKUP(CC15,$BV$5:BY$215,1,FALSE) -> #N/A | CE15: =VLOOKUP(CC15,$BV$5:BY$215,2,FALSE) -> #N/A | CF15: =VLOOKUP(CC15,$BV$5:BY$215,4,FALSE) -> #N/A | CL15: 1
A16: 12 | B16: ='B Div'!A16 & " " & 'B Div'!B16 | C16: ='B Div'!E16 -> - | M16: =IF(COUNTIF(D16:L16,"<>"&"")=9,SUM(D16:L16),"-") -> - | W16: =IF(COUNTIF(N16:V16,"<>"&"")=9,SUM(N16:V16),"-") -> - | X16: =IF(AND(ISNUMBER(M16),ISNUMBER(W16)),M16+W16,"-") -> - | Y16: =IF(ISNUMBER(X16),X16-C16,"-") -> - | AJ16: =IF(COUNTIF(AA16:AI16,"<>"&"")=9,SUM(AA16:AI16),"-") -> - | AT16: =IF(COUNTIF(AK16:AS16,"<>"&"")=9,SUM(AK16:AS16),"-") -> - | AU16: =IF(AND(ISNUMBER(AJ16),ISNUMBER(AT16)),AJ16+AT16,"-") -> - | AV16: =IF(ISNUMBER(AU16),AU16-C16,"-") -> - | AX16: =IF(AND(D16>0,AA16>0),MIN(D16,AA16),"-") -> - | AY16: =IF(AND(E16>0,AB16>0),MIN(E16,AB16),"-") -> - | AZ16: =IF(AND(F16>0,AC16>0),MIN(F16,AC16),"-") -> - | BA16: =IF(AND(G16>0,AD16>0),MIN(G16,AD16),"-") -> - | BB16: =IF(AND(H16>0,AE16>0),MIN(H16,AE16),"-") -> - | BC16: =IF(AND(I16>0,AF16>0),MIN(I16,AF16),"-") -> - | BD16: =IF(AND(J16>0,AG16>0),MIN(J16,AG16),"-") -> - | BE16: =IF(AND(K16>0,AH16>0),MIN(K16,AH16),"-") -> - | BF16: =IF(AND(L16>0,AI16>0),MIN(L16,AI16),"-") -> - | BG16: =IF(COUNTIF(AX16:BF16,"<>-")=9,SUM(AX16:BF16),"-") -> - | BH16: =IF(AND(N16>0,AK16>0),MIN(N16,AK16),"-") -> - | BI16: =IF(AND(O16>0,AL16>0),MIN(O16,AL16),"-") -> - | BJ16: =IF(AND(P16>0,AM16>0),MIN(P16,AM16),"-") -> - | BK16: =IF(AND(Q16>0,AN16>0),MIN(Q16,AN16),"-") -> - | BL16: =IF(AND(R16>0,AO16>0),MIN(R16,AO16),"-") -> - | BM16: =IF(AND(S16>0,AP16>0),MIN(S16,AP16),"-") -> - | BN16: =IF(AND(T16>0,AQ16>0),MIN(T16,AQ16),"-") -> - | BO16: =IF(AND(U16>0,AR16>0),MIN(U16,AR16),"-") -> - | BP16: =IF(AND(V16>0,AS16>0),MIN(V16,AS16),"-") -> - | BQ16: =IF(COUNTIF(BH16:BP16,"<>-")=9,SUM(BH16:BP16),"-") -> - | BR16: =BG16 -> - | BS16: =IF(COUNTIF(BQ16:BR16,"<>-")=2,SUM(BQ16:BR16),"-") -> - | BT16: =IF(ISNUMBER(BS16),BS16-(C16*Rules!$P$9/100),"-") -> - | BU16: =RANK($BT16,$BT$5:$BT$106,1)+COUNTIF(BT$5:BT16,BT16)-1 -> #VALUE! | BV16: =RANK(BT16,$BT$5:$BT$215,1) -> #VALUE! | BW16: =B16 | BX16: =C16 -> - | BY16: =BT16 -> - | CC16: 12 | CD16: =VLOOKUP(CC16,$BV$5:BY$215,1,FALSE) -> #N/A | CE16: =VLOOKUP(CC16,$BV$5:BY$215,2,FALSE) -> #N/A | CF16: =VLOOKUP(CC16,$BV$5:BY$215,4,FALSE) -> #N/A | CL16: 1
A17: 13 | B17: ='B Div'!A17 & " " & 'B Div'!B17 | C17: ='B Div'!E17 -> - | M17: =IF(COUNTIF(D17:L17,"<>"&"")=9,SUM(D17:L17),"-") -> - | W17: =IF(COUNTIF(N17:V17,"<>"&"")=9,SUM(N17:V17),"-") -> - | X17: =IF(AND(ISNUMBER(M17),ISNUMBER(W17)),M17+W17,"-") -> - | Y17: =IF(ISNUMBER(X17),X17-C17,"-") -> - | AJ17: =IF(COUNTIF(AA17:AI17,"<>"&"")=9,SUM(AA17:AI17),"-") -> - | AT17: =IF(COUNTIF(AK17:AS17,"<>"&"")=9,SUM(AK17:AS17),"-") -> - | AU17: =IF(AND(ISNUMBER(AJ17),ISNUMBER(AT17)),AJ17+AT17,"-") -> - | AV17: =IF(ISNUMBER(AU17),AU17-C17,"-") -> - | AX17: =IF(AND(D17>0,AA17>0),MIN(D17,AA17),"-") -> - | AY17: =IF(AND(E17>0,AB17>0),MIN(E17,AB17),"-") -> - | AZ17: =IF(AND(F17>0,AC17>0),MIN(F17,AC17),"-") -> - | BA17: =IF(AND(G17>0,AD17>0),MIN(G17,AD17),"-") -> - | BB17: =IF(AND(H17>0,AE17>0),MIN(H17,AE17),"-") -> - | BC17: =IF(AND(I17>0,AF17>0),MIN(I17,AF17),"-") -> - | BD17: =IF(AND(J17>0,AG17>0),MIN(J17,AG17),"-") -> - | BE17: =IF(AND(K17>0,AH17>0),MIN(K17,AH17),"-") -> - | BF17: =IF(AND(L17>0,AI17>0),MIN(L17,AI17),"-") -> - | BG17: =IF(COUNTIF(AX17:BF17,"<>-")=9,SUM(AX17:BF17),"-") -> - | BH17: =IF(AND(N17>0,AK17>0),MIN(N17,AK17),"-") -> - | BI17: =IF(AND(O17>0,AL17>0),MIN(O17,AL17),"-") -> - | BJ17: =IF(AND(P17>0,AM17>0),MIN(P17,AM17),"-") -> - | BK17: =IF(AND(Q17>0,AN17>0),MIN(Q17,AN17),"-") -> - | BL17: =IF(AND(R17>0,AO17>0),MIN(R17,AO17),"-") -> - | BM17: =IF(AND(S17>0,AP17>0),MIN(S17,AP17),"-") -> - | BN17: =IF(AND(T17>0,AQ17>0),MIN(T17,AQ17),"-") -> - | BO17: =IF(AND(U17>0,AR17>0),MIN(U17,AR17),"-") -> - | BP17: =IF(AND(V17>0,AS17>0),MIN(V17,AS17),"-") -> - | BQ17: =IF(COUNTIF(BH17:BP17,"<>-")=9,SUM(BH17:BP17),"-") -> - | BR17: =BG17 -> - | BS17: =IF(COUNTIF(BQ17:BR17,"<>-")=2,SUM(BQ17:BR17),"-") -> - | BT17: =IF(ISNUMBER(BS17),BS17-(C17*Rules!$P$9/100),"-") -> - | BU17: =RANK($BT17,$BT$5:$BT$106,1)+COUNTIF(BT$5:BT17,BT17)-1 -> #VALUE! | BV17: =RANK(BT17,$BT$5:$BT$215,1) -> #VALUE! | BW17: =B17 | BX17: =C17 -> - | BY17: =BT17 -> - | CC17: 13 | CD17: =VLOOKUP(CC17,$BV$5:BY$215,1,FALSE) -> #N/A | CE17: =VLOOKUP(CC17,$BV$5:BY$215,2,FALSE) -> #N/A | CF17: =VLOOKUP(CC17,$BV$5:BY$215,4,FALSE) -> #N/A | CL17: 1
A18: 14 | B18: ='B Div'!A18 & " " & 'B Div'!B18 | C18: ='B Div'!E18 -> - | M18: =IF(COUNTIF(D18:L18,"<>"&"")=9,SUM(D18:L18),"-") -> - | W18: =IF(COUNTIF(N18:V18,"<>"&"")=9,SUM(N18:V18),"-") -> - | X18: =IF(AND(ISNUMBER(M18),ISNUMBER(W18)),M18+W18,"-") -> - | Y18: =IF(ISNUMBER(X18),X18-C18,"-") -> - | AJ18: =IF(COUNTIF(AA18:AI18,"<>"&"")=9,SUM(AA18:AI18),"-") -> - | AT18: =IF(COUNTIF(AK18:AS18,"<>"&"")=9,SUM(AK18:AS18),"-") -> - | AU18: =IF(AND(ISNUMBER(AJ18),ISNUMBER(AT18)),AJ18+AT18,"-") -> - | AV18: =IF(ISNUMBER(AU18),AU18-C18,"-") -> - | AX18: =IF(AND(D18>0,AA18>0),MIN(D18,AA18),"-") -> - | AY18: =IF(AND(E18>0,AB18>0),MIN(E18,AB18),"-") -> - | AZ18: =IF(AND(F18>0,AC18>0),MIN(F18,AC18),"-") -> - | BA18: =IF(AND(G18>0,AD18>0),MIN(G18,AD18),"-") -> - | BB18: =IF(AND(H18>0,AE18>0),MIN(H18,AE18),"-") -> - | BC18: =IF(AND(I18>0,AF18>0),MIN(I18,AF18),"-") -> - | BD18: =IF(AND(J18>0,AG18>0),MIN(J18,AG18),"-") -> - | BE18: =IF(AND(K18>0,AH18>0),MIN(K18,AH18),"-") -> - | BF18: =IF(AND(L18>0,AI18>0),MIN(L18,AI18),"-") -> - | BG18: =IF(COUNTIF(AX18:BF18,"<>-")=9,SUM(AX18:BF18),"-") -> - | BH18: =IF(AND(N18>0,AK18>0),MIN(N18,AK18),"-") -> - | BI18: =IF(AND(O18>0,AL18>0),MIN(O18,AL18),"-") -> - | BJ18: =IF(AND(P18>0,AM18>0),MIN(P18,AM18),"-") -> - | BK18: =IF(AND(Q18>0,AN18>0),MIN(Q18,AN18),"-") -> - | BL18: =IF(AND(R18>0,AO18>0),MIN(R18,AO18),"-") -> - | BM18: =IF(AND(S18>0,AP18>0),MIN(S18,AP18),"-") -> - | BN18: =IF(AND(T18>0,AQ18>0),MIN(T18,AQ18),"-") -> - | BO18: =IF(AND(U18>0,AR18>0),MIN(U18,AR18),"-") -> - | BP18: =IF(AND(V18>0,AS18>0),MIN(V18,AS18),"-") -> - | BQ18: =IF(COUNTIF(BH18:BP18,"<>-")=9,SUM(BH18:BP18),"-") -> - | BR18: =BG18 -> - | BS18: =IF(COUNTIF(BQ18:BR18,"<>-")=2,SUM(BQ18:BR18),"-") -> - | BT18: =IF(ISNUMBER(BS18),BS18-(C18*Rules!$P$9/100),"-") -> - | BU18: =RANK($BT18,$BT$5:$BT$106,1)+COUNTIF(BT$5:BT18,BT18)-1 -> #VALUE! | BV18: =RANK(BT18,$BT$5:$BT$215,1) -> #VALUE! | BW18: =B18 | BX18: =C18 -> - | BY18: =BT18 -> - | CC18: 14 | CD18: =VLOOKUP(CC18,$BV$5:BY$215,1,FALSE) -> #N/A | CE18: =VLOOKUP(CC18,$BV$5:BY$215,2,FALSE) -> #N/A | CF18: =VLOOKUP(CC18,$BV$5:BY$215,4,FALSE) -> #N/A | CL18: 1
A19: 15 | B19: ='B Div'!A19 & " " & 'B Div'!B19 | C19: ='B Div'!E19 -> - | M19: =IF(COUNTIF(D19:L19,"<>"&"")=9,SUM(D19:L19),"-") -> - | W19: =IF(COUNTIF(N19:V19,"<>"&"")=9,SUM(N19:V19),"-") -> - | X19: =IF(AND(ISNUMBER(M19),ISNUMBER(W19)),M19+W19,"-") -> - | Y19: =IF(ISNUMBER(X19),X19-C19,"-") -> - | AJ19: =IF(COUNTIF(AA19:AI19,"<>"&"")=9,SUM(AA19:AI19),"-") -> - | AT19: =IF(COUNTIF(AK19:AS19,"<>"&"")=9,SUM(AK19:AS19),"-") -> - | AU19: =IF(AND(ISNUMBER(AJ19),ISNUMBER(AT19)),AJ19+AT19,"-") -> - | AV19: =IF(ISNUMBER(AU19),AU19-C19,"-") -> - | AX19: =IF(AND(D19>0,AA19>0),MIN(D19,AA19),"-") -> - | AY19: =IF(AND(E19>0,AB19>0),MIN(E19,AB19),"-") -> - | AZ19: =IF(AND(F19>0,AC19>0),MIN(F19,AC19),"-") -> - | BA19: =IF(AND(G19>0,AD19>0),MIN(G19,AD19),"-") -> - | BB19: =IF(AND(H19>0,AE19>0),MIN(H19,AE19),"-") -> - | BC19: =IF(AND(I19>0,AF19>0),MIN(I19,AF19),"-") -> - | BD19: =IF(AND(J19>0,AG19>0),MIN(J19,AG19),"-") -> - | BE19: =IF(AND(K19>0,AH19>0),MIN(K19,AH19),"-") -> - | BF19: =IF(AND(L19>0,AI19>0),MIN(L19,AI19),"-") -> - | BG19: =IF(COUNTIF(AX19:BF19,"<>-")=9,SUM(AX19:BF19),"-") -> - | BH19: =IF(AND(N19>0,AK19>0),MIN(N19,AK19),"-") -> - | BI19: =IF(AND(O19>0,AL19>0),MIN(O19,AL19),"-") -> - | BJ19: =IF(AND(P19>0,AM19>0),MIN(P19,AM19),"-") -> - | BK19: =IF(AND(Q19>0,AN19>0),MIN(Q19,AN19),"-") -> - | BL19: =IF(AND(R19>0,AO19>0),MIN(R19,AO19),"-") -> - | BM19: =IF(AND(S19>0,AP19>0),MIN(S19,AP19),"-") -> - | BN19: =IF(AND(T19>0,AQ19>0),MIN(T19,AQ19),"-") -> - | BO19: =IF(AND(U19>0,AR19>0),MIN(U19,AR19),"-") -> - | BP19: =IF(AND(V19>0,AS19>0),MIN(V19,AS19),"-") -> - | BQ19: =IF(COUNTIF(BH19:BP19,"<>-")=9,SUM(BH19:BP19),"-") -> - | BR19: =BG19 -> - | BS19: =IF(COUNTIF(BQ19:BR19,"<>-")=2,SUM(BQ19:BR19),"-") -> - | BT19: =IF(ISNUMBER(BS19),BS19-(C19*Rules!$P$9/100),"-") -> - | BU19: =RANK($BT19,$BT$5:$BT$106,1)+COUNTIF(BT$5:BT19,BT19)-1 -> #VALUE! | BV19: =RANK(BT19,$BT$5:$BT$215,1) -> #VALUE! | BW19: =B19 | BX19: =C19 -> - | BY19: =BT19 -> - | CC19: 15 | CD19: =VLOOKUP(CC19,$BV$5:BY$215,1,FALSE) -> #N/A | CE19: =VLOOKUP(CC19,$BV$5:BY$215,2,FALSE) -> #N/A | CF19: =VLOOKUP(CC19,$BV$5:BY$215,4,FALSE) -> #N/A | CL19: 1
A20: 16 | B20: ='B Div'!A20 & " " & 'B Div'!B20 | C20: ='B Div'!E20 -> - | M20: =IF(COUNTIF(D20:L20,"<>"&"")=9,SUM(D20:L20),"-") -> - | W20: =IF(COUNTIF(N20:V20,"<>"&"")=9,SUM(N20:V20),"-") -> - | X20: =IF(AND(ISNUMBER(M20),ISNUMBER(W20)),M20+W20,"-") -> - | Y20: =IF(ISNUMBER(X20),X20-C20,"-") -> - | AJ20: =IF(COUNTIF(AA20:AI20,"<>"&"")=9,SUM(AA20:AI20),"-") -> - | AT20: =IF(COUNTIF(AK20:AS20,"<>"&"")=9,SUM(AK20:AS20),"-") -> - | AU20: =IF(AND(ISNUMBER(AJ20),ISNUMBER(AT20)),AJ20+AT20,"-") -> - | AV20: =IF(ISNUMBER(AU20),AU20-C20,"-") -> - | AX20: =IF(AND(D20>0,AA20>0),MIN(D20,AA20),"-") -> - | AY20: =IF(AND(E20>0,AB20>0),MIN(E20,AB20),"-") -> - | AZ20: =IF(AND(F20>0,AC20>0),MIN(F20,AC20),"-") -> - | BA20: =IF(AND(G20>0,AD20>0),MIN(G20,AD20),"-") -> - | BB20: =IF(AND(H20>0,AE20>0),MIN(H20,AE20),"-") -> - | BC20: =IF(AND(I20>0,AF20>0),MIN(I20,AF20),"-") -> - | BD20: =IF(AND(J20>0,AG20>0),MIN(J20,AG20),"-") -> - | BE20: =IF(AND(K20>0,AH20>0),MIN(K20,AH20),"-") -> - | BF20: =IF(AND(L20>0,AI20>0),MIN(L20,AI20),"-") -> - | BG20: =IF(COUNTIF(AX20:BF20,"<>-")=9,SUM(AX20:BF20),"-") -> - | BH20: =IF(AND(N20>0,AK20>0),MIN(N20,AK20),"-") -> - | BI20: =IF(AND(O20>0,AL20>0),MIN(O20,AL20),"-") -> - | BJ20: =IF(AND(P20>0,AM20>0),MIN(P20,AM20),"-") -> - | BK20: =IF(AND(Q20>0,AN20>0),MIN(Q20,AN20),"-") -> - | BL20: =IF(AND(R20>0,AO20>0),MIN(R20,AO20),"-") -> - | BM20: =IF(AND(S20>0,AP20>0),MIN(S20,AP20),"-") -> - | BN20: =IF(AND(T20>0,AQ20>0),MIN(T20,AQ20),"-") -> - | BO20: =IF(AND(U20>0,AR20>0),MIN(U20,AR20),"-") -> - | BP20: =IF(AND(V20>0,AS20>0),MIN(V20,AS20),"-") -> - | BQ20: =IF(COUNTIF(BH20:BP20,"<>-")=9,SUM(BH20:BP20),"-") -> - | BR20: =BG20 -> - | BS20: =IF(COUNTIF(BQ20:BR20,"<>-")=2,SUM(BQ20:BR20),"-") -> - | BT20: =IF(ISNUMBER(BS20),BS20-(C20*Rules!$P$9/100),"-") -> - | BU20: =RANK($BT20,$BT$5:$BT$106,1)+COUNTIF(BT$5:BT20,BT20)-1 -> #VALUE! | BV20: =RANK(BT20,$BT$5:$BT$215,1) -> #VALUE! | BW20: =B20 | BX20: =C20 -> - | BY20: =BT20 -> - | CC20: 16 | CD20: =VLOOKUP(CC20,$BV$5:BY$215,1,FALSE) -> #N/A | CE20: =VLOOKUP(CC20,$BV$5:BY$215,2,FALSE) -> #N/A | CF20: =VLOOKUP(CC20,$BV$5:BY$215,4,FALSE) -> #N/A | CL20: 1
A21: 17 | B21: ='B Div'!A21 & " " & 'B Div'!B21 | C21: ='B Div'!E21 -> - | M21: =IF(COUNTIF(D21:L21,"<>"&"")=9,SUM(D21:L21),"-") -> - | W21: =IF(COUNTIF(N21:V21,"<>"&"")=9,SUM(N21:V21),"-") -> - | X21: =IF(AND(ISNUMBER(M21),ISNUMBER(W21)),M21+W21,"-") -> - | Y21: =IF(ISNUMBER(X21),X21-C21,"-") -> - | AJ21: =IF(COUNTIF(AA21:AI21,"<>"&"")=9,SUM(AA21:AI21),"-") -> - | AT21: =IF(COUNTIF(AK21:AS21,"<>"&"")=9,SUM(AK21:AS21),"-") -> - | AU21: =IF(AND(ISNUMBER(AJ21),ISNUMBER(AT21)),AJ21+AT21,"-") -> - | AV21: =IF(ISNUMBER(AU21),AU21-C21,"-") -> - | AX21: =IF(AND(D21>0,AA21>0),MIN(D21,AA21),"-") -> - | AY21: =IF(AND(E21>0,AB21>0),MIN(E21,AB21),"-") -> - | AZ21: =IF(AND(F21>0,AC21>0),MIN(F21,AC21),"-") -> - | BA21: =IF(AND(G21>0,AD21>0),MIN(G21,AD21),"-") -> - | BB21: =IF(AND(H21>0,AE21>0),MIN(H21,AE21),"-") -> - | BC21: =IF(AND(I21>0,AF21>0),MIN(I21,AF21),"-") -> - | BD21: =IF(AND(J21>0,AG21>0),MIN(J21,AG21),"-") -> - | BE21: =IF(AND(K21>0,AH21>0),MIN(K21,AH21),"-") -> - | BF21: =IF(AND(L21>0,AI21>0),MIN(L21,AI21),"-") -> - | BG21: =IF(COUNTIF(AX21:BF21,"<>-")=9,SUM(AX21:BF21),"-") -> - | BH21: =IF(AND(N21>0,AK21>0),MIN(N21,AK21),"-") -> - | BI21: =IF(AND(O21>0,AL21>0),MIN(O21,AL21),"-") -> - | BJ21: =IF(AND(P21>0,AM21>0),MIN(P21,AM21),"-") -> - | BK21: =IF(AND(Q21>0,AN21>0),MIN(Q21,AN21),"-") -> - | BL21: =IF(AND(R21>0,AO21>0),MIN(R21,AO21),"-") -> - | BM21: =IF(AND(S21>0,AP21>0),MIN(S21,AP21),"-") -> - | BN21: =IF(AND(T21>0,AQ21>0),MIN(T21,AQ21),"-") -> - | BO21: =IF(AND(U21>0,AR21>0),MIN(U21,AR21),"-") -> - | BP21: =IF(AND(V21>0,AS21>0),MIN(V21,AS21),"-") -> - | BQ21: =IF(COUNTIF(BH21:BP21,"<>-")=9,SUM(BH21:BP21),"-") -> - | BR21: =BG21 -> - | BS21: =IF(COUNTIF(BQ21:BR21,"<>-")=2,SUM(BQ21:BR21),"-") -> - | BT21: =IF(ISNUMBER(BS21),BS21-(C21*Rules!$P$9/100),"-") -> - | BU21: =RANK($BT21,$BT$5:$BT$106,1)+COUNTIF(BT$5:BT21,BT21)-1 -> #VALUE! | BV21: =RANK(BT21,$BT$5:$BT$215,1) -> #VALUE! | BW21: =B21 | BX21: =C21 -> - | BY21: =BT21 -> - | CC21: 17 | CD21: =VLOOKUP(CC21,$BV$5:BY$215,1,FALSE) -> #N/A | CE21: =VLOOKUP(CC21,$BV$5:BY$215,2,FALSE) -> #N/A | CF21: =VLOOKUP(CC21,$BV$5:BY$215,4,FALSE) -> #N/A | CL21: 1
... A104: 100 | B104: ='B Div'!A104 & " " & 'B Div'!B104 | C104: ='B Div'!E104 -> - | M104: =IF(COUNTIF(D104:L104,"<>"&"")=9,SUM(D104:L104),"-") -> - | W104: =IF(COUNTIF(N104:V104,"<>"&"")=9,SUM(N104:V104),"-") -> - | X104: =IF(AND(ISNUMBER(M104),ISNUMBER(W104)),M104+W104,"-") -> - | Y104: =IF(ISNUMBER(X104),X104-C104,"-") -> - | AJ104: =IF(COUNTIF(AA104:AI104,"<>"&"")=9,SUM(AA104:AI104),"-") -> - | AT104: =IF(COUNTIF(AK104:AS104,"<>"&"")=9,SUM(AK104:AS104),"-") -> - | AU104: =IF(AND(ISNUMBER(AJ104),ISNUMBER(AT104)),AJ104+AT104,"-") -> - | AV104: =IF(ISNUMBER(AU104),AU104-C104,"-") -> - | AX104: =IF(AND(D104>0,AA104>0),MIN(D104,AA104),"-") -> - | AY104: =IF(AND(E104>0,AB104>0),MIN(E104,AB104),"-") -> - | AZ104: =IF(AND(F104>0,AC104>0),MIN(F104,AC104),"-") -> - | BA104: =IF(AND(G104>0,AD104>0),MIN(G104,AD104),"-") -> - | BB104: =IF(AND(H104>0,AE104>0),MIN(H104,AE104),"-") -> - | BC104: =IF(AND(I104>0,AF104>0),MIN(I104,AF104),"-") -> - | BD104: =IF(AND(J104>0,AG104>0),MIN(J104,AG104),"-") -> - | BE104: =IF(AND(K104>0,AH104>0),MIN(K104,AH104),"-") -> - | BF104: =IF(AND(L104>0,AI104>0),MIN(L104,AI104),"-") -> - | BG104: =IF(COUNTIF(AX104:BF104,"<>-")=9,SUM(AX104:BF104),"-") -> - | BH104: =IF(AND(N104>0,AK104>0),MIN(N104,AK104),"-") -> - | BI104: =IF(AND(O104>0,AL104>0),MIN(O104,AL104),"-") -> - | BJ104: =IF(AND(P104>0,AM104>0),MIN(P104,AM104),"-") -> - | BK104: =IF(AND(Q104>0,AN104>0),MIN(Q104,AN104),"-") -> - | BL104: =IF(AND(R104>0,AO104>0),MIN(R104,AO104),"-") -> - | BM104: =IF(AND(S104>0,AP104>0),MIN(S104,AP104),"-") -> - | BN104: =IF(AND(T104>0,AQ104>0),MIN(T104,AQ104),"-") -> - | BO104: =IF(AND(U104>0,AR104>0),MIN(U104,AR104),"-") -> - | BP104: =IF(AND(V104>0,AS104>0),MIN(V104,AS104),"-") -> - | BQ104: =IF(COUNTIF(BH104:BP104,"<>-")=9,SUM(BH104:BP104),"-") -> - | BR104: =BG104 -> - | BS104: =IF(COUNTIF(BQ104:BR104,"<>-")=2,SUM(BQ104:BR104),"-") -> - | BT104: =IF(ISNUMBER(BS104),BS104-(C104*Rules!$P$9/100),"-") -> - | BU104: =RANK($BT104,$BT$5:$BT$106,1)+COUNTIF(BT$5:BT104,BT104)-1 -> #VALUE! | BV104: =RANK(BT104,$BT$5:$BT$215,1) -> #VALUE! | BW104: =B104 | BX104: =C104 -> - | BY104: =BT104 -> - | CC104: 100 | CD104: =VLOOKUP(CC104,$BV$5:BY$215,1,FALSE) -> #N/A | CE104: =VLOOKUP(CC104,$BV$5:BY$215,2,FALSE) -> #N/A | CF104: =VLOOKUP(CC104,$BV$5:BY$215,4,FALSE) -> #N/A | CL104: 1
A105: 101 | B105: ='B Div'!A105 & " " & 'B Div'!B105 | C105: ='B Div'!E105 -> 0 | M105: =IF(COUNTIF(D105:L105,"<>"&"")=9,SUM(D105:L105),"-") -> - | W105: =IF(COUNTIF(N105:V105,"<>"&"")=9,SUM(N105:V105),"-") -> - | X105: =IF(AND(ISNUMBER(M105),ISNUMBER(W105)),M105+W105,"-") -> - | Y105: =IF(ISNUMBER(X105),X105-C105,"-") -> - | AJ105: =IF(COUNTIF(AA105:AI105,"<>"&"")=9,SUM(AA105:AI105),"-") -> - | AT105: =IF(COUNTIF(AK105:AS105,"<>"&"")=9,SUM(AK105:AS105),"-") -> - | AU105: =IF(AND(ISNUMBER(AJ105),ISNUMBER(AT105)),AJ105+AT105,"-") -> - | AV105: =IF(ISNUMBER(AU105),AU105-C105,"-") -> - | AX105: =IF(AND(D105>0,AA105>0),MIN(D105,AA105),"-") -> - | AY105: =IF(AND(E105>0,AB105>0),MIN(E105,AB105),"-") -> - | AZ105: =IF(AND(F105>0,AC105>0),MIN(F105,AC105),"-") -> - | BA105: =IF(AND(G105>0,AD105>0),MIN(G105,AD105),"-") -> - | BB105: =IF(AND(H105>0,AE105>0),MIN(H105,AE105),"-") -> - | BC105: =IF(AND(I105>0,AF105>0),MIN(I105,AF105),"-") -> - | BD105: =IF(AND(J105>0,AG105>0),MIN(J105,AG105),"-") -> - | BE105: =IF(AND(K105>0,AH105>0),MIN(K105,AH105),"-") -> - | BF105: =IF(AND(L105>0,AI105>0),MIN(L105,AI105),"-") -> - | BG105: =IF(COUNTIF(AX105:BF105,"<>-")=9,SUM(AX105:BF105),"-") -> - | BH105: =IF(AND(N105>0,AK105>0),MIN(N105,AK105),"-") -> - | BI105: =IF(AND(O105>0,AL105>0),MIN(O105,AL105),"-") -> - | BJ105: =IF(AND(P105>0,AM105>0),MIN(P105,AM105),"-") -> - | BK105: =IF(AND(Q105>0,AN105>0),MIN(Q105,AN105),"-") -> - | BL105: =IF(AND(R105>0,AO105>0),MIN(R105,AO105),"-") -> - | BM105: =IF(AND(S105>0,AP105>0),MIN(S105,AP105),"-") -> - | BN105: =IF(AND(T105>0,AQ105>0),MIN(T105,AQ105),"-") -> - | BO105: =IF(AND(U105>0,AR105>0),MIN(U105,AR105),"-") -> - | BP105: =IF(AND(V105>0,AS105>0),MIN(V105,AS105),"-") -> - | BQ105: =IF(COUNTIF(BH105:BP105,"<>-")=9,SUM(BH105:BP105),"-") -> - | BR105: =BG105 -> - | BS105: =IF(COUNTIF(BQ105:BR105,"<>-")=2,SUM(BQ105:BR105),"-") -> - | BT105: =IF(ISNUMBER(BS105),BS105-(C105*Rules!$P$9/100),"-") -> - | BU105: =RANK($BT105,$BT$5:$BT$106,1)+COUNTIF(BT$5:BT105,BT105)-1 -> #VALUE! | BV105: =RANK(BT105,$BT$5:$BT$215,1) -> #VALUE! | BW105: =B105 | BX105: =C105 -> 0 | BY105: =BT105 -> - | CL105: 1
A106: 102 | B106: ='B Div'!A106 & " " & 'B Div'!B106 | C106: ='B Div'!E106 -> 0 | M106: =IF(COUNTIF(D106:L106,"<>"&"")=9,SUM(D106:L106),"-") -> - | W106: =IF(COUNTIF(N106:V106,"<>"&"")=9,SUM(N106:V106),"-") -> - | X106: =IF(AND(ISNUMBER(M106),ISNUMBER(W106)),M106+W106,"-") -> - | Y106: =IF(ISNUMBER(X106),X106-C106,"-") -> - | AJ106: =IF(COUNTIF(AA106:AI106,"<>"&"")=9,SUM(AA106:AI106),"-") -> - | AT106: =IF(COUNTIF(AK106:AS106,"<>"&"")=9,SUM(AK106:AS106),"-") -> - | AU106: =IF(AND(ISNUMBER(AJ106),ISNUMBER(AT106)),AJ106+AT106,"-") -> - | AV106: =IF(ISNUMBER(AU106),AU106-C106,"-") -> - | AX106: =IF(AND(D106>0,AA106>0),MIN(D106,AA106),"-") -> - | AY106: =IF(AND(E106>0,AB106>0),MIN(E106,AB106),"-") -> - | AZ106: =IF(AND(F106>0,AC106>0),MIN(F106,AC106),"-") -> - | BA106: =IF(AND(G106>0,AD106>0),MIN(G106,AD106),"-") -> - | BB106: =IF(AND(H106>0,AE106>0),MIN(H106,AE106),"-") -> - | BC106: =IF(AND(I106>0,AF106>0),MIN(I106,AF106),"-") -> - | BD106: =IF(AND(J106>0,AG106>0),MIN(J106,AG106),"-") -> - | BE106: =IF(AND(K106>0,AH106>0),MIN(K106,AH106),"-") -> - | BF106: =IF(AND(L106>0,AI106>0),MIN(L106,AI106),"-") -> - | BG106: =IF(COUNTIF(AX106:BF106,"<>-")=9,SUM(AX106:BF106),"-") -> - | BH106: =IF(AND(N106>0,AK106>0),MIN(N106,AK106),"-") -> - | BI106: =IF(AND(O106>0,AL106>0),MIN(O106,AL106),"-") -> - | BJ106: =IF(AND(P106>0,AM106>0),MIN(P106,AM106),"-") -> - | BK106: =IF(AND(Q106>0,AN106>0),MIN(Q106,AN106),"-") -> - | BL106: =IF(AND(R106>0,AO106>0),MIN(R106,AO106),"-") -> - | BM106: =IF(AND(S106>0,AP106>0),MIN(S106,AP106),"-") -> - | BN106: =IF(AND(T106>0,AQ106>0),MIN(T106,AQ106),"-") -> - | BO106: =IF(AND(U106>0,AR106>0),MIN(U106,AR106),"-") -> - | BP106: =IF(AND(V106>0,AS106>0),MIN(V106,AS106),"-") -> - | BQ106: =IF(COUNTIF(BH106:BP106,"<>-")=9,SUM(BH106:BP106),"-") -> - | BR106: =BG106 -> - | BS106: =IF(COUNTIF(BQ106:BR106,"<>-")=2,SUM(BQ106:BR106),"-") -> - | BT106: =IF(ISNUMBER(BS106),BS106-(C106*Rules!$P$9/100),"-") -> - | BU106: =RANK($BT106,$BT$5:$BT$106,1)+COUNTIF(BT$5:BT106,BT106)-1 -> #VALUE! | BV106: =RANK(BT106,$BT$5:$BT$215,1) -> #VALUE! | BW106: =B106 | BX106: =C106 -> 0 | BY106: =BT106 -> - | CL106: 1
A107: 103 | B107: ='B Div'!A107 & " " & 'B Div'!B107 | C107: ='B Div'!E107 -> 0 | M107: =IF(COUNTIF(D107:L107,"<>"&"")=9,SUM(D107:L107),"-") -> - | W107: =IF(COUNTIF(N107:V107,"<>"&"")=9,SUM(N107:V107),"-") -> - | X107: =IF(AND(ISNUMBER(M107),ISNUMBER(W107)),M107+W107,"-") -> - | Y107: =IF(ISNUMBER(X107),X107-C107,"-") -> - | AJ107: =IF(COUNTIF(AA107:AI107,"<>"&"")=9,SUM(AA107:AI107),"-") -> - | AT107: =IF(COUNTIF(AK107:AS107,"<>"&"")=9,SUM(AK107:AS107),"-") -> - | AU107: =IF(AND(ISNUMBER(AJ107),ISNUMBER(AT107)),AJ107+AT107,"-") -> - | AV107: =IF(ISNUMBER(AU107),AU107-C107,"-") -> - | AX107: =IF(AND(D107>0,AA107>0),MIN(D107,AA107),"-") -> - | AY107: =IF(AND(E107>0,AB107>0),MIN(E107,AB107),"-") -> - | AZ107: =IF(AND(F107>0,AC107>0),MIN(F107,AC107),"-") -> - | BA107: =IF(AND(G107>0,AD107>0),MIN(G107,AD107),"-") -> - | BB107: =IF(AND(H107>0,AE107>0),MIN(H107,AE107),"-") -> - | BC107: =IF(AND(I107>0,AF107>0),MIN(I107,AF107),"-") -> - | BD107: =IF(AND(J107>0,AG107>0),MIN(J107,AG107),"-") -> - | BE107: =IF(AND(K107>0,AH107>0),MIN(K107,AH107),"-") -> - | BF107: =IF(AND(L107>0,AI107>0),MIN(L107,AI107),"-") -> - | BG107: =IF(COUNTIF(AX107:BF107,"<>-")=9,SUM(AX107:BF107),"-") -> - | BH107: =IF(AND(N107>0,AK107>0),MIN(N107,AK107),"-") -> - | BI107: =IF(AND(O107>0,AL107>0),MIN(O107,AL107),"-") -> - | BJ107: =IF(AND(P107>0,AM107>0),MIN(P107,AM107),"-") -> - | BK107: =IF(AND(Q107>0,AN107>0),MIN(Q107,AN107),"-") -> - | BL107: =IF(AND(R107>0,AO107>0),MIN(R107,AO107),"-") -> - | BM107: =IF(AND(S107>0,AP107>0),MIN(S107,AP107),"-") -> - | BN107: =IF(AND(T107>0,AQ107>0),MIN(T107,AQ107),"-") -> - | BO107: =IF(AND(U107>0,AR107>0),MIN(U107,AR107),"-") -> - | BP107: =IF(AND(V107>0,AS107>0),MIN(V107,AS107),"-") -> - | BQ107: =IF(COUNTIF(BH107:BP107,"<>-")=9,SUM(BH107:BP107),"-") -> - | BR107: =BG107 -> - | BS107: =IF(COUNTIF(BQ107:BR107,"<>-")=2,SUM(BQ107:BR107),"-") -> - | BT107: =IF(ISNUMBER(BS107),BS107-(C107*Rules!$P$9/100),"-") -> - | BU107: =RANK($BT107,$BT$5:$BT$106,1)+COUNTIF(BT$5:BT107,BT107)-1 -> #VALUE! | BV107: =RANK(BT107,$BT$5:$BT$215,1) -> #VALUE! | BW107: =B107 | BX107: =C107 -> 0 | BY107: =BT107 -> - | CL107: 1
A108: 104 | B108: ='B Div'!A108 & " " & 'B Div'!B108 | C108: ='B Div'!E108 -> 0 | M108: =IF(COUNTIF(D108:L108,"<>"&"")=9,SUM(D108:L108),"-") -> - | W108: =IF(COUNTIF(N108:V108,"<>"&"")=9,SUM(N108:V108),"-") -> - | X108: =IF(AND(ISNUMBER(M108),ISNUMBER(W108)),M108+W108,"-") -> - | Y108: =IF(ISNUMBER(X108),X108-C108,"-") -> - | AJ108: =IF(COUNTIF(AA108:AI108,"<>"&"")=9,SUM(AA108:AI108),"-") -> - | AT108: =IF(COUNTIF(AK108:AS108,"<>"&"")=9,SUM(AK108:AS108),"-") -> - | AU108: =IF(AND(ISNUMBER(AJ108),ISNUMBER(AT108)),AJ108+AT108,"-") -> - | AV108: =IF(ISNUMBER(AU108),AU108-C108,"-") -> - | AX108: =IF(AND(D108>0,AA108>0),MIN(D108,AA108),"-") -> - | AY108: =IF(AND(E108>0,AB108>0),MIN(E108,AB108),"-") -> - | AZ108: =IF(AND(F108>0,AC108>0),MIN(F108,AC108),"-") -> - | BA108: =IF(AND(G108>0,AD108>0),MIN(G108,AD108),"-") -> - | BB108: =IF(AND(H108>0,AE108>0),MIN(H108,AE108),"-") -> - | BC108: =IF(AND(I108>0,AF108>0),MIN(I108,AF108),"-") -> - | BD108: =IF(AND(J108>0,AG108>0),MIN(J108,AG108),"-") -> - | BE108: =IF(AND(K108>0,AH108>0),MIN(K108,AH108),"-") -> - | BF108: =IF(AND(L108>0,AI108>0),MIN(L108,AI108),"-") -> - | BG108: =IF(COUNTIF(AX108:BF108,"<>-")=9,SUM(AX108:BF108),"-") -> - | BH108: =IF(AND(N108>0,AK108>0),MIN(N108,AK108),"-") -> - | BI108: =IF(AND(O108>0,AL108>0),MIN(O108,AL108),"-") -> - | BJ108: =IF(AND(P108>0,AM108>0),MIN(P108,AM108),"-") -> - | BK108: =IF(AND(Q108>0,AN108>0),MIN(Q108,AN108),"-") -> - | BL108: =IF(AND(R108>0,AO108>0),MIN(R108,AO108),"-") -> - | BM108: =IF(AND(S108>0,AP108>0),MIN(S108,AP108),"-") -> - | BN108: =IF(AND(T108>0,AQ108>0),MIN(T108,AQ108),"-") -> - | BO108: =IF(AND(U108>0,AR108>0),MIN(U108,AR108),"-") -> - | BP108: =IF(AND(V108>0,AS108>0),MIN(V108,AS108),"-") -> - | BQ108: =IF(COUNTIF(BH108:BP108,"<>-")=9,SUM(BH108:BP108),"-") -> - | BR108: =BG108 -> - | BS108: =IF(COUNTIF(BQ108:BR108,"<>-")=2,SUM(BQ108:BR108),"-") -> - | BT108: =IF(ISNUMBER(BS108),BS108-(C108*Rules!$P$9/100),"-") -> - | BU108: =RANK($BT108,$BT$5:$BT$106,1)+COUNTIF(BT$5:BT108,BT108)-1 -> #VALUE! | BV108: =RANK(BT108,$BT$5:$BT$215,1) -> #VALUE! | BW108: =B108 | BX108: =C108 -> 0 | BY108: =BT108 -> - | CL108: 1
A109: 105 | B109: ='B Div'!A109 & " " & 'B Div'!B109 | C109: ='B Div'!E109 -> 0 | M109: =IF(COUNTIF(D109:L109,"<>"&"")=9,SUM(D109:L109),"-") -> - | W109: =IF(COUNTIF(N109:V109,"<>"&"")=9,SUM(N109:V109),"-") -> - | X109: =IF(AND(ISNUMBER(M109),ISNUMBER(W109)),M109+W109,"-") -> - | Y109: =IF(ISNUMBER(X109),X109-C109,"-") -> - | AJ109: =IF(COUNTIF(AA109:AI109,"<>"&"")=9,SUM(AA109:AI109),"-") -> - | AT109: =IF(COUNTIF(AK109:AS109,"<>"&"")=9,SUM(AK109:AS109),"-") -> - | AU109: =IF(AND(ISNUMBER(AJ109),ISNUMBER(AT109)),AJ109+AT109,"-") -> - | AV109: =IF(ISNUMBER(AU109),AU109-C109,"-") -> - | AX109: =IF(AND(D109>0,AA109>0),MIN(D109,AA109),"-") -> - | AY109: =IF(AND(E109>0,AB109>0),MIN(E109,AB109),"-") -> - | AZ109: =IF(AND(F109>0,AC109>0),MIN(F109,AC109),"-") -> - | BA109: =IF(AND(G109>0,AD109>0),MIN(G109,AD109),"-") -> - | BB109: =IF(AND(H109>0,AE109>0),MIN(H109,AE109),"-") -> - | BC109: =IF(AND(I109>0,AF109>0),MIN(I109,AF109),"-") -> - | BD109: =IF(AND(J109>0,AG109>0),MIN(J109,AG109),"-") -> - | BE109: =IF(AND(K109>0,AH109>0),MIN(K109,AH109),"-") -> - | BF109: =IF(AND(L109>0,AI109>0),MIN(L109,AI109),"-") -> - | BG109: =IF(COUNTIF(AX109:BF109,"<>-")=9,SUM(AX109:BF109),"-") -> - | BH109: =IF(AND(N109>0,AK109>0),MIN(N109,AK109),"-") -> - | BI109: =IF(AND(O109>0,AL109>0),MIN(O109,AL109),"-") -> - | BJ109: =IF(AND(P109>0,AM109>0),MIN(P109,AM109),"-") -> - | BK109: =IF(AND(Q109>0,AN109>0),MIN(Q109,AN109),"-") -> - | BL109: =IF(AND(R109>0,AO109>0),MIN(R109,AO109),"-") -> - | BM109: =IF(AND(S109>0,AP109>0),MIN(S109,AP109),"-") -> - | BN109: =IF(AND(T109>0,AQ109>0),MIN(T109,AQ109),"-") -> - | BO109: =IF(AND(U109>0,AR109>0),MIN(U109,AR109),"-") -> - | BP109: =IF(AND(V109>0,AS109>0),MIN(V109,AS109),"-") -> - | BQ109: =IF(COUNTIF(BH109:BP109,"<>-")=9,SUM(BH109:BP109),"-") -> - | BR109: =BG109 -> - | BS109: =IF(COUNTIF(BQ109:BR109,"<>-")=2,SUM(BQ109:BR109),"-") -> - | BT109: =IF(ISNUMBER(BS109),BS109-(C109*Rules!$P$9/100),"-") -> - | BU109: =RANK($BT109,$BT$5:$BT$106,1)+COUNTIF(BT$5:BT109,BT109)-1 -> #VALUE! | BV109: =RANK(BT109,$BT$5:$BT$215,1) -> #VALUE! | BW109: =B109 | BX109: =C109 -> 0 | BY109: =BT109 -> - | CL109: 1
A110: 106 | B110: ='B Div'!A110 & " " & 'B Div'!B110 | C110: ='B Div'!E110 -> 0 | M110: =IF(COUNTIF(D110:L110,"<>"&"")=9,SUM(D110:L110),"-") -> - | W110: =IF(COUNTIF(N110:V110,"<>"&"")=9,SUM(N110:V110),"-") -> - | X110: =IF(AND(ISNUMBER(M110),ISNUMBER(W110)),M110+W110,"-") -> - | Y110: =IF(ISNUMBER(X110),X110-C110,"-") -> - | AJ110: =IF(COUNTIF(AA110:AI110,"<>"&"")=9,SUM(AA110:AI110),"-") -> - | AT110: =IF(COUNTIF(AK110:AS110,"<>"&"")=9,SUM(AK110:AS110),"-") -> - | AU110: =IF(AND(ISNUMBER(AJ110),ISNUMBER(AT110)),AJ110+AT110,"-") -> - | AV110: =IF(ISNUMBER(AU110),AU110-C110,"-") -> - | AX110: =IF(AND(D110>0,AA110>0),MIN(D110,AA110),"-") -> - | AY110: =IF(AND(E110>0,AB110>0),MIN(E110,AB110),"-") -> - | AZ110: =IF(AND(F110>0,AC110>0),MIN(F110,AC110),"-") -> - | BA110: =IF(AND(G110>0,AD110>0),MIN(G110,AD110),"-") -> - | BB110: =IF(AND(H110>0,AE110>0),MIN(H110,AE110),"-") -> - | BC110: =IF(AND(I110>0,AF110>0),MIN(I110,AF110),"-") -> - | BD110: =IF(AND(J110>0,AG110>0),MIN(J110,AG110),"-") -> - | BE110: =IF(AND(K110>0,AH110>0),MIN(K110,AH110),"-") -> - | BF110: =IF(AND(L110>0,AI110>0),MIN(L110,AI110),"-") -> - | BG110: =IF(COUNTIF(AX110:BF110,"<>-")=9,SUM(AX110:BF110),"-") -> - | BH110: =IF(AND(N110>0,AK110>0),MIN(N110,AK110),"-") -> - | BI110: =IF(AND(O110>0,AL110>0),MIN(O110,AL110),"-") -> - | BJ110: =IF(AND(P110>0,AM110>0),MIN(P110,AM110),"-") -> - | BK110: =IF(AND(Q110>0,AN110>0),MIN(Q110,AN110),"-") -> - | BL110: =IF(AND(R110>0,AO110>0),MIN(R110,AO110),"-") -> - | BM110: =IF(AND(S110>0,AP110>0),MIN(S110,AP110),"-") -> - | BN110: =IF(AND(T110>0,AQ110>0),MIN(T110,AQ110),"-") -> - | BO110: =IF(AND(U110>0,AR110>0),MIN(U110,AR110),"-") -> - | BP110: =IF(AND(V110>0,AS110>0),MIN(V110,AS110),"-") -> - | BQ110: =IF(COUNTIF(BH110:BP110,"<>-")=9,SUM(BH110:BP110),"-") -> - | BR110: =BG110 -> - | BS110: =IF(COUNTIF(BQ110:BR110,"<>-")=2,SUM(BQ110:BR110),"-") -> - | BT110: =IF(ISNUMBER(BS110),BS110-(C110*Rules!$P$9/100),"-") -> - | BU110: =RANK($BT110,$BT$5:$BT$106,1)+COUNTIF(BT$5:BT110,BT110)-1 -> #VALUE! | BV110: =RANK(BT110,$BT$5:$BT$215,1) -> #VALUE! | BW110: =B110 | BX110: =C110 -> 0 | BY110: =BT110 -> - | CL110: 1
A111: 107 | B111: ='B Div'!A111 & " " & 'B Div'!B111 | C111: ='B Div'!E111 -> 0 | M111: =IF(COUNTIF(D111:L111,"<>"&"")=9,SUM(D111:L111),"-") -> - | W111: =IF(COUNTIF(N111:V111,"<>"&"")=9,SUM(N111:V111),"-") -> - | X111: =IF(AND(ISNUMBER(M111),ISNUMBER(W111)),M111+W111,"-") -> - | Y111: =IF(ISNUMBER(X111),X111-C111,"-") -> - | AJ111: =IF(COUNTIF(AA111:AI111,"<>"&"")=9,SUM(AA111:AI111),"-") -> - | AT111: =IF(COUNTIF(AK111:AS111,"<>"&"")=9,SUM(AK111:AS111),"-") -> - | AU111: =IF(AND(ISNUMBER(AJ111),ISNUMBER(AT111)),AJ111+AT111,"-") -> - | AV111: =IF(ISNUMBER(AU111),AU111-C111,"-") -> - | AX111: =IF(AND(D111>0,AA111>0),MIN(D111,AA111),"-") -> - | AY111: =IF(AND(E111>0,AB111>0),MIN(E111,AB111),"-") -> - | AZ111: =IF(AND(F111>0,AC111>0),MIN(F111,AC111),"-") -> - | BA111: =IF(AND(G111>0,AD111>0),MIN(G111,AD111),"-") -> - | BB111: =IF(AND(H111>0,AE111>0),MIN(H111,AE111),"-") -> - | BC111: =IF(AND(I111>0,AF111>0),MIN(I111,AF111),"-") -> - | BD111: =IF(AND(J111>0,AG111>0),MIN(J111,AG111),"-") -> - | BE111: =IF(AND(K111>0,AH111>0),MIN(K111,AH111),"-") -> - | BF111: =IF(AND(L111>0,AI111>0),MIN(L111,AI111),"-") -> - | BG111: =IF(COUNTIF(AX111:BF111,"<>-")=9,SUM(AX111:BF111),"-") -> - | BH111: =IF(AND(N111>0,AK111>0),MIN(N111,AK111),"-") -> - | BI111: =IF(AND(O111>0,AL111>0),MIN(O111,AL111),"-") -> - | BJ111: =IF(AND(P111>0,AM111>0),MIN(P111,AM111),"-") -> - | BK111: =IF(AND(Q111>0,AN111>0),MIN(Q111,AN111),"-") -> - | BL111: =IF(AND(R111>0,AO111>0),MIN(R111,AO111),"-") -> - | BM111: =IF(AND(S111>0,AP111>0),MIN(S111,AP111),"-") -> - | BN111: =IF(AND(T111>0,AQ111>0),MIN(T111,AQ111),"-") -> - | BO111: =IF(AND(U111>0,AR111>0),MIN(U111,AR111),"-") -> - | BP111: =IF(AND(V111>0,AS111>0),MIN(V111,AS111),"-") -> - | BQ111: =IF(COUNTIF(BH111:BP111,"<>-")=9,SUM(BH111:BP111),"-") -> - | BR111: =BG111 -> - | BS111: =IF(COUNTIF(BQ111:BR111,"<>-")=2,SUM(BQ111:BR111),"-") -> - | BT111: =IF(ISNUMBER(BS111),BS111-(C111*Rules!$P$9/100),"-") -> - | BU111: =RANK($BT111,$BT$5:$BT$106,1)+COUNTIF(BT$5:BT111,BT111)-1 -> #VALUE! | BV111: =RANK(BT111,$BT$5:$BT$215,1) -> #VALUE! | BW111: =B111 | BX111: =C111 -> 0 | BY111: =BT111 -> - | CL111: 1
A112: 108 | B112: ='B Div'!A112 & " " & 'B Div'!B112 | C112: ='B Div'!E112 -> 0 | M112: =IF(COUNTIF(D112:L112,"<>"&"")=9,SUM(D112:L112),"-") -> - | W112: =IF(COUNTIF(N112:V112,"<>"&"")=9,SUM(N112:V112),"-") -> - | X112: =IF(AND(ISNUMBER(M112),ISNUMBER(W112)),M112+W112,"-") -> - | Y112: =IF(ISNUMBER(X112),X112-C112,"-") -> - | AJ112: =IF(COUNTIF(AA112:AI112,"<>"&"")=9,SUM(AA112:AI112),"-") -> - | AT112: =IF(COUNTIF(AK112:AS112,"<>"&"")=9,SUM(AK112:AS112),"-") -> - | AU112: =IF(AND(ISNUMBER(AJ112),ISNUMBER(AT112)),AJ112+AT112,"-") -> - | AV112: =IF(ISNUMBER(AU112),AU112-C112,"-") -> - | AX112: =IF(AND(D112>0,AA112>0),MIN(D112,AA112),"-") -> - | AY112: =IF(AND(E112>0,AB112>0),MIN(E112,AB112),"-") -> - | AZ112: =IF(AND(F112>0,AC112>0),MIN(F112,AC112),"-") -> - | BA112: =IF(AND(G112>0,AD112>0),MIN(G112,AD112),"-") -> - | BB112: =IF(AND(H112>0,AE112>0),MIN(H112,AE112),"-") -> - | BC112: =IF(AND(I112>0,AF112>0),MIN(I112,AF112),"-") -> - | BD112: =IF(AND(J112>0,AG112>0),MIN(J112,AG112),"-") -> - | BE112: =IF(AND(K112>0,AH112>0),MIN(K112,AH112),"-") -> - | BF112: =IF(AND(L112>0,AI112>0),MIN(L112,AI112),"-") -> - | BG112: =IF(COUNTIF(AX112:BF112,"<>-")=9,SUM(AX112:BF112),"-") -> - | BH112: =IF(AND(N112>0,AK112>0),MIN(N112,AK112),"-") -> - | BI112: =IF(AND(O112>0,AL112>0),MIN(O112,AL112),"-") -> - | BJ112: =IF(AND(P112>0,AM112>0),MIN(P112,AM112),"-") -> - | BK112: =IF(AND(Q112>0,AN112>0),MIN(Q112,AN112),"-") -> - | BL112: =IF(AND(R112>0,AO112>0),MIN(R112,AO112),"-") -> - | BM112: =IF(AND(S112>0,AP112>0),MIN(S112,AP112),"-") -> - | BN112: =IF(AND(T112>0,AQ112>0),MIN(T112,AQ112),"-") -> - | BO112: =IF(AND(U112>0,AR112>0),MIN(U112,AR112),"-") -> - | BP112: =IF(AND(V112>0,AS112>0),MIN(V112,AS112),"-") -> - | BQ112: =IF(COUNTIF(BH112:BP112,"<>-")=9,SUM(BH112:BP112),"-") -> - | BR112: =BG112 -> - | BS112: =IF(COUNTIF(BQ112:BR112,"<>-")=2,SUM(BQ112:BR112),"-") -> - | BT112: =IF(ISNUMBER(BS112),BS112-(C112*Rules!$P$9/100),"-") -> - | BU112: =RANK($BT112,$BT$5:$BT$106,1)+COUNTIF(BT$5:BT112,BT112)-1 -> #VALUE! | BV112: =RANK(BT112,$BT$5:$BT$215,1) -> #VALUE! | BW112: =B112 | BX112: =C112 -> 0 | BY112: =BT112 -> - | CL112: 1
A113: 109 | B113: ='B Div'!A113 & " " & 'B Div'!B113 | C113: ='B Div'!E113 -> 0 | M113: =IF(COUNTIF(D113:L113,"<>"&"")=9,SUM(D113:L113),"-") -> - | W113: =IF(COUNTIF(N113:V113,"<>"&"")=9,SUM(N113:V113),"-") -> - | X113: =IF(AND(ISNUMBER(M113),ISNUMBER(W113)),M113+W113,"-") -> - | Y113: =IF(ISNUMBER(X113),X113-C113,"-") -> - | AJ113: =IF(COUNTIF(AA113:AI113,"<>"&"")=9,SUM(AA113:AI113),"-") -> - | AT113: =IF(COUNTIF(AK113:AS113,"<>"&"")=9,SUM(AK113:AS113),"-") -> - | AU113: =IF(AND(ISNUMBER(AJ113),ISNUMBER(AT113)),AJ113+AT113,"-") -> - | AV113: =IF(ISNUMBER(AU113),AU113-C113,"-") -> - | AX113: =IF(AND(D113>0,AA113>0),MIN(D113,AA113),"-") -> - | AY113: =IF(AND(E113>0,AB113>0),MIN(E113,AB113),"-") -> - | AZ113: =IF(AND(F113>0,AC113>0),MIN(F113,AC113),"-") -> - | BA113: =IF(AND(G113>0,AD113>0),MIN(G113,AD113),"-") -> - | BB113: =IF(AND(H113>0,AE113>0),MIN(H113,AE113),"-") -> - | BC113: =IF(AND(I113>0,AF113>0),MIN(I113,AF113),"-") -> - | BD113: =IF(AND(J113>0,AG113>0),MIN(J113,AG113),"-") -> - | BE113: =IF(AND(K113>0,AH113>0),MIN(K113,AH113),"-") -> - | BF113: =IF(AND(L113>0,AI113>0),MIN(L113,AI113),"-") -> - | BG113: =IF(COUNTIF(AX113:BF113,"<>-")=9,SUM(AX113:BF113),"-") -> - | BH113: =IF(AND(N113>0,AK113>0),MIN(N113,AK113),"-") -> - | BI113: =IF(AND(O113>0,AL113>0),MIN(O113,AL113),"-") -> - | BJ113: =IF(AND(P113>0,AM113>0),MIN(P113,AM113),"-") -> - | BK113: =IF(AND(Q113>0,AN113>0),MIN(Q113,AN113),"-") -> - | BL113: =IF(AND(R113>0,AO113>0),MIN(R113,AO113),"-") -> - | BM113: =IF(AND(S113>0,AP113>0),MIN(S113,AP113),"-") -> - | BN113: =IF(AND(T113>0,AQ113>0),MIN(T113,AQ113),"-") -> - | BO113: =IF(AND(U113>0,AR113>0),MIN(U113,AR113),"-") -> - | BP113: =IF(AND(V113>0,AS113>0),MIN(V113,AS113),"-") -> - | BQ113: =IF(COUNTIF(BH113:BP113,"<>-")=9,SUM(BH113:BP113),"-") -> - | BR113: =BG113 -> - | BS113: =IF(COUNTIF(BQ113:BR113,"<>-")=2,SUM(BQ113:BR113),"-") -> - | BT113: =IF(ISNUMBER(BS113),BS113-(C113*Rules!$P$9/100),"-") -> - | BU113: =RANK($BT113,$BT$5:$BT$106,1)+COUNTIF(BT$5:BT113,BT113)-1 -> #VALUE! | BV113: =RANK(BT113,$BT$5:$BT$215,1) -> #VALUE! | BW113: =B113 | BX113: =C113 -> 0 | BY113: =BT113 -> - | CL113: 1
A114: 110 | B114: ='B Div'!A114 & " " & 'B Div'!B114 | C114: ='B Div'!E114 -> 0 | M114: =IF(COUNTIF(D114:L114,"<>"&"")=9,SUM(D114:L114),"-") -> - | W114: =IF(COUNTIF(N114:V114,"<>"&"")=9,SUM(N114:V114),"-") -> - | X114: =IF(AND(ISNUMBER(M114),ISNUMBER(W114)),M114+W114,"-") -> - | Y114: =IF(ISNUMBER(X114),X114-C114,"-") -> - | AJ114: =IF(COUNTIF(AA114:AI114,"<>"&"")=9,SUM(AA114:AI114),"-") -> - | AT114: =IF(COUNTIF(AK114:AS114,"<>"&"")=9,SUM(AK114:AS114),"-") -> - | AU114: =IF(AND(ISNUMBER(AJ114),ISNUMBER(AT114)),AJ114+AT114,"-") -> - | AV114: =IF(ISNUMBER(AU114),AU114-C114,"-") -> - | AX114: =IF(AND(D114>0,AA114>0),MIN(D114,AA114),"-") -> - | AY114: =IF(AND(E114>0,AB114>0),MIN(E114,AB114),"-") -> - | AZ114: =IF(AND(F114>0,AC114>0),MIN(F114,AC114),"-") -> - | BA114: =IF(AND(G114>0,AD114>0),MIN(G114,AD114),"-") -> - | BB114: =IF(AND(H114>0,AE114>0),MIN(H114,AE114),"-") -> - | BC114: =IF(AND(I114>0,AF114>0),MIN(I114,AF114),"-") -> - | BD114: =IF(AND(J114>0,AG114>0),MIN(J114,AG114),"-") -> - | BE114: =IF(AND(K114>0,AH114>0),MIN(K114,AH114),"-") -> - | BF114: =IF(AND(L114>0,AI114>0),MIN(L114,AI114),"-") -> - | BG114: =IF(COUNTIF(AX114:BF114,"<>-")=9,SUM(AX114:BF114),"-") -> - | BH114: =IF(AND(N114>0,AK114>0),MIN(N114,AK114),"-") -> - | BI114: =IF(AND(O114>0,AL114>0),MIN(O114,AL114),"-") -> - | BJ114: =IF(AND(P114>0,AM114>0),MIN(P114,AM114),"-") -> - | BK114: =IF(AND(Q114>0,AN114>0),MIN(Q114,AN114),"-") -> - | BL114: =IF(AND(R114>0,AO114>0),MIN(R114,AO114),"-") -> - | BM114: =IF(AND(S114>0,AP114>0),MIN(S114,AP114),"-") -> - | BN114: =IF(AND(T114>0,AQ114>0),MIN(T114,AQ114),"-") -> - | BO114: =IF(AND(U114>0,AR114>0),MIN(U114,AR114),"-") -> - | BP114: =IF(AND(V114>0,AS114>0),MIN(V114,AS114),"-") -> - | BQ114: =IF(COUNTIF(BH114:BP114,"<>-")=9,SUM(BH114:BP114),"-") -> - | BR114: =BG114 -> - | BS114: =IF(COUNTIF(BQ114:BR114,"<>-")=2,SUM(BQ114:BR114),"-") -> - | BT114: =IF(ISNUMBER(BS114),BS114-(C114*Rules!$P$9/100),"-") -> - | BU114: =RANK($BT114,$BT$5:$BT$106,1)+COUNTIF(BT$5:BT114,BT114)-1 -> #VALUE! | BV114: =RANK(BT114,$BT$5:$BT$215,1) -> #VALUE! | BW114: =B114 | BX114: =C114 -> 0 | BY114: =BT114 -> - | CL114: 1
A115: 111 | B115: ='B Div'!A115 & " " & 'B Div'!B115 | C115: ='B Div'!E115 -> 0 | M115: =IF(COUNTIF(D115:L115,"<>"&"")=9,SUM(D115:L115),"-") -> - | W115: =IF(COUNTIF(N115:V115,"<>"&"")=9,SUM(N115:V115),"-") -> - | X115: =IF(AND(ISNUMBER(M115),ISNUMBER(W115)),M115+W115,"-") -> - | Y115: =IF(ISNUMBER(X115),X115-C115,"-") -> - | AJ115: =IF(COUNTIF(AA115:AI115,"<>"&"")=9,SUM(AA115:AI115),"-") -> - | AT115: =IF(COUNTIF(AK115:AS115,"<>"&"")=9,SUM(AK115:AS115),"-") -> - | AU115: =IF(AND(ISNUMBER(AJ115),ISNUMBER(AT115)),AJ115+AT115,"-") -> - | AV115: =IF(ISNUMBER(AU115),AU115-C115,"-") -> - | AX115: =IF(AND(D115>0,AA115>0),MIN(D115,AA115),"-") -> - | AY115: =IF(AND(E115>0,AB115>0),MIN(E115,AB115),"-") -> - | AZ115: =IF(AND(F115>0,AC115>0),MIN(F115,AC115),"-") -> - | BA115: =IF(AND(G115>0,AD115>0),MIN(G115,AD115),"-") -> - | BB115: =IF(AND(H115>0,AE115>0),MIN(H115,AE115),"-") -> - | BC115: =IF(AND(I115>0,AF115>0),MIN(I115,AF115),"-") -> - | BD115: =IF(AND(J115>0,AG115>0),MIN(J115,AG115),"-") -> - | BE115: =IF(AND(K115>0,AH115>0),MIN(K115,AH115),"-") -> - | BF115: =IF(AND(L115>0,AI115>0),MIN(L115,AI115),"-") -> - | BG115: =IF(COUNTIF(AX115:BF115,"<>-")=9,SUM(AX115:BF115),"-") -> - | BH115: =IF(AND(N115>0,AK115>0),MIN(N115,AK115),"-") -> - | BI115: =IF(AND(O115>0,AL115>0),MIN(O115,AL115),"-") -> - | BJ115: =IF(AND(P115>0,AM115>0),MIN(P115,AM115),"-") -> - | BK115: =IF(AND(Q115>0,AN115>0),MIN(Q115,AN115),"-") -> - | BL115: =IF(AND(R115>0,AO115>0),MIN(R115,AO115),"-") -> - | BM115: =IF(AND(S115>0,AP115>0),MIN(S115,AP115),"-") -> - | BN115: =IF(AND(T115>0,AQ115>0),MIN(T115,AQ115),"-") -> - | BO115: =IF(AND(U115>0,AR115>0),MIN(U115,AR115),"-") -> - | BP115: =IF(AND(V115>0,AS115>0),MIN(V115,AS115),"-") -> - | BQ115: =IF(COUNTIF(BH115:BP115,"<>-")=9,SUM(BH115:BP115),"-") -> - | BR115: =BG115 -> - | BS115: =IF(COUNTIF(BQ115:BR115,"<>-")=2,SUM(BQ115:BR115),"-") -> - | BT115: =IF(ISNUMBER(BS115),BS115-(C115*Rules!$P$9/100),"-") -> - | BU115: =RANK($BT115,$BT$5:$BT$106,1)+COUNTIF(BT$5:BT115,BT115)-1 -> #VALUE! | BV115: =RANK(BT115,$BT$5:$BT$215,1) -> #VALUE! | BW115: =B115 | BX115: =C115 -> 0 | BY115: =BT115 -> - | CL115: 1
A116: 112 | B116: ='B Div'!A116 & " " & 'B Div'!B116 | C116: ='B Div'!E116 -> 0 | M116: =IF(COUNTIF(D116:L116,"<>"&"")=9,SUM(D116:L116),"-") -> - | W116: =IF(COUNTIF(N116:V116,"<>"&"")=9,SUM(N116:V116),"-") -> - | X116: =IF(AND(ISNUMBER(M116),ISNUMBER(W116)),M116+W116,"-") -> - | Y116: =IF(ISNUMBER(X116),X116-C116,"-") -> - | AJ116: =IF(COUNTIF(AA116:AI116,"<>"&"")=9,SUM(AA116:AI116),"-") -> - | AT116: =IF(COUNTIF(AK116:AS116,"<>"&"")=9,SUM(AK116:AS116),"-") -> - | AU116: =IF(AND(ISNUMBER(AJ116),ISNUMBER(AT116)),AJ116+AT116,"-") -> - | AV116: =IF(ISNUMBER(AU116),AU116-C116,"-") -> - | AX116: =IF(AND(D116>0,AA116>0),MIN(D116,AA116),"-") -> - | AY116: =IF(AND(E116>0,AB116>0),MIN(E116,AB116),"-") -> - | AZ116: =IF(AND(F116>0,AC116>0),MIN(F116,AC116),"-") -> - | BA116: =IF(AND(G116>0,AD116>0),MIN(G116,AD116),"-") -> - | BB116: =IF(AND(H116>0,AE116>0),MIN(H116,AE116),"-") -> - | BC116: =IF(AND(I116>0,AF116>0),MIN(I116,AF116),"-") -> - | BD116: =IF(AND(J116>0,AG116>0),MIN(J116,AG116),"-") -> - | BE116: =IF(AND(K116>0,AH116>0),MIN(K116,AH116),"-") -> - | BF116: =IF(AND(L116>0,AI116>0),MIN(L116,AI116),"-") -> - | BG116: =IF(COUNTIF(AX116:BF116,"<>-")=9,SUM(AX116:BF116),"-") -> - | BH116: =IF(AND(N116>0,AK116>0),MIN(N116,AK116),"-") -> - | BI116: =IF(AND(O116>0,AL116>0),MIN(O116,AL116),"-") -> - | BJ116: =IF(AND(P116>0,AM116>0),MIN(P116,AM116),"-") -> - | BK116: =IF(AND(Q116>0,AN116>0),MIN(Q116,AN116),"-") -> - | BL116: =IF(AND(R116>0,AO116>0),MIN(R116,AO116),"-") -> - | BM116: =IF(AND(S116>0,AP116>0),MIN(S116,AP116),"-") -> - | BN116: =IF(AND(T116>0,AQ116>0),MIN(T116,AQ116),"-") -> - | BO116: =IF(AND(U116>0,AR116>0),MIN(U116,AR116),"-") -> - | BP116: =IF(AND(V116>0,AS116>0),MIN(V116,AS116),"-") -> - | BQ116: =IF(COUNTIF(BH116:BP116,"<>-")=9,SUM(BH116:BP116),"-") -> - | BR116: =BG116 -> - | BS116: =IF(COUNTIF(BQ116:BR116,"<>-")=2,SUM(BQ116:BR116),"-") -> - | BT116: =IF(ISNUMBER(BS116),BS116-(C116*Rules!$P$9/100),"-") -> - | BU116: =RANK($BT116,$BT$5:$BT$106,1)+COUNTIF(BT$5:BT116,BT116)-1 -> #VALUE! | BV116: =RANK(BT116,$BT$5:$BT$215,1) -> #VALUE! | BW116: =B116 | BX116: =C116 -> 0 | BY116: =BT116 -> - | CL116: 1
... A215: 211 | B215: ='B Div'!A215 & " " & 'B Div'!B215 | C215: ='B Div'!E215 -> 0 | M215: =IF(COUNTIF(D215:L215,"<>"&"")=9,SUM(D215:L215),"-") -> - | W215: =IF(COUNTIF(N215:V215,"<>"&"")=9,SUM(N215:V215),"-") -> - | X215: =IF(AND(ISNUMBER(M215),ISNUMBER(W215)),M215+W215,"-") -> - | Y215: =IF(ISNUMBER(X215),X215-C215,"-") -> - | AJ215: =IF(COUNTIF(AA215:AI215,"<>"&"")=9,SUM(AA215:AI215),"-") -> - | AT215: =IF(COUNTIF(AK215:AS215,"<>"&"")=9,SUM(AK215:AS215),"-") -> - | AU215: =IF(AND(ISNUMBER(AJ215),ISNUMBER(AT215)),AJ215+AT215,"-") -> - | AV215: =IF(ISNUMBER(AU215),AU215-C215,"-") -> - | AX215: =IF(AND(D215>0,AA215>0),MIN(D215,AA215),"-") -> - | AY215: =IF(AND(E215>0,AB215>0),MIN(E215,AB215),"-") -> - | AZ215: =IF(AND(F215>0,AC215>0),MIN(F215,AC215),"-") -> - | BA215: =IF(AND(G215>0,AD215>0),MIN(G215,AD215),"-") -> - | BB215: =IF(AND(H215>0,AE215>0),MIN(H215,AE215),"-") -> - | BC215: =IF(AND(I215>0,AF215>0),MIN(I215,AF215),"-") -> - | BD215: =IF(AND(J215>0,AG215>0),MIN(J215,AG215),"-") -> - | BE215: =IF(AND(K215>0,AH215>0),MIN(K215,AH215),"-") -> - | BF215: =IF(AND(L215>0,AI215>0),MIN(L215,AI215),"-") -> - | BG215: =IF(COUNTIF(AX215:BF215,"<>-")=9,SUM(AX215:BF215),"-") -> - | BH215: =IF(AND(N215>0,AK215>0),MIN(N215,AK215),"-") -> - | BI215: =IF(AND(O215>0,AL215>0),MIN(O215,AL215),"-") -> - | BJ215: =IF(AND(P215>0,AM215>0),MIN(P215,AM215),"-") -> - | BK215: =IF(AND(Q215>0,AN215>0),MIN(Q215,AN215),"-") -> - | BL215: =IF(AND(R215>0,AO215>0),MIN(R215,AO215),"-") -> - | BM215: =IF(AND(S215>0,AP215>0),MIN(S215,AP215),"-") -> - | BN215: =IF(AND(T215>0,AQ215>0),MIN(T215,AQ215),"-") -> - | BO215: =IF(AND(U215>0,AR215>0),MIN(U215,AR215),"-") -> - | BP215: =IF(AND(V215>0,AS215>0),MIN(V215,AS215),"-") -> - | BQ215: =IF(COUNTIF(BH215:BP215,"<>-")=9,SUM(BH215:BP215),"-") -> - | BR215: =BG215 -> - | BS215: =IF(COUNTIF(BQ215:BR215,"<>-")=2,SUM(BQ215:BR215),"-") -> - | BT215: =IF(ISNUMBER(BS215),BS215-(C215*Rules!$P$9/100),"-") -> - | BU215: =RANK($BT215,$BT$5:$BT$106,1)+COUNTIF(BT$5:BT215,BT215)-1 -> #VALUE! | BV215: =RANK(BT215,$BT$5:$BT$215,1) -> #VALUE! | BW215: =B215 | BX215: =C215 -> 0 | BY215: =BT215 -> - | CL215: 1

Sheet Eclectic C
CD2: Gross of best for each day less 25% of Playing Handicap
D3: DAY 1 | AA3: DAY 2 | AX3: Eclectic | CD3: C Div Eclectic
A4: # | B4: Name | C4: HC | D4: 1 | E4: 2 | F4: 3 | G4: 4 | H4: 5 | I4: 6 | J4: 7 | K4: 8 | L4: 9 | M4: OUT | N4: 10 | O4: 11 | P4: 12 | Q4: 13 | R4: 14 | S4: 15 | T4: 16 | U4: 17 | V4: 18 | W4: IN | X4: GROSS | Y4: NET | AA4: 1 | AB4: 2 | AC4: 3 | AD4: 4 | AE4: 5 | AF4: 6 | AG4: 7 | AH4: 8 | AI4: 9 | AJ4: OUT | AK4: 10 | AL4: 11 | AM4: 12 | AN4: 13 | AO4: 14 | AP4: 15 | AQ4: 16 | AR4: 17 | AS4: 18 | AT4: IN | AU4: GROSS | AV4: NET | AX4: 1 | AY4: 2 | AZ4: 3 | BA4: 4 | BB4: 5 | BC4: 6 | BD4: 7 | BE4: 8 | BF4: 9 | BG4: OUT | BH4: 10 | BI4: 11 | BJ4: 12 | BK4: 13 | BL4: 14 | BM4: 15 | BN4: 16 | BO4: 17 | BP4: 18 | BQ4: IN | BR4: OUT | BS4: Gross | BT4: Net | BU4: Net RANK (no ties) | BV4: Net Rank with Ties | BW4: Name And Surname | BX4: HC | BY4: Net | CD4: Pos | CE4: Name | CF4: Net
A5: 1 | B5: ='C Div'!A5 & " " & 'C Div'!B5 -> SHAY BROEDELET | C5: ='C Div'!E5 -> 28 | D5: 6 | E5: 3 | F5: 7 | G5: 6 | H5: 6 | I5: 4 | J5: 7 | K5: 7 | L5: 4 | M5: =IF(COUNTIF(D5:L5,"<>"&"")=9,SUM(D5:L5),"-") -> 50 | N5: 7 | O5: 4 | P5: 6 | Q5: 6 | R5: 3 | S5: 7 | T5: 5 | U5: 9 | V5: 10 | W5: =IF(COUNTIF(N5:V5,"<>"&"")=9,SUM(N5:V5),"-") -> 57 | X5: =IF(AND(ISNUMBER(M5),ISNUMBER(W5)),M5+W5,"-") -> 107 | Y5: =IF(ISNUMBER(X5),X5-C5,"-") -> 79 | AA5: 6 | AB5: 4 | AC5: 5 | AD5: 7 | AE5: 6 | AF5: 4 | AG5: 7 | AH5: 5 | AI5: 6 | AJ5: =IF(COUNTIF(AA5:AI5,"<>"&"")=9,SUM(AA5:AI5),"-") -> 50 | AK5: 8 | AL5: 5 | AM5: 3 | AN5: 7 | AO5: 4 | AP5: 6 | AQ5: 5 | AR5: 7 | AS5: 8 | AT5: =IF(COUNTIF(AK5:AS5,"<>"&"")=9,SUM(AK5:AS5),"-") -> 53 | AU5: =IF(AND(ISNUMBER(AJ5),ISNUMBER(AT5)),AJ5+AT5,"-") -> 103 | AV5: =IF(ISNUMBER(AU5),AU5-C5,"-") -> 75 | AX5: =IF(AND(D5>0,AA5>0),MIN(D5,AA5),"-") -> 6 | AY5: =IF(AND(E5>0,AB5>0),MIN(E5,AB5),"-") -> 3 | AZ5: =IF(AND(F5>0,AC5>0),MIN(F5,AC5),"-") -> 5 | BA5: =IF(AND(G5>0,AD5>0),MIN(G5,AD5),"-") -> 6 | BB5: =IF(AND(H5>0,AE5>0),MIN(H5,AE5),"-") -> 6 | BC5: =IF(AND(I5>0,AF5>0),MIN(I5,AF5),"-") -> 4 | BD5: =IF(AND(J5>0,AG5>0),MIN(J5,AG5),"-") -> 7 | BE5: =IF(AND(K5>0,AH5>0),MIN(K5,AH5),"-") -> 5 | BF5: =IF(AND(L5>0,AI5>0),MIN(L5,AI5),"-") -> 4 | BG5: =IF(COUNTIF(AX5:BF5,"<>-")=9,SUM(AX5:BF5),"-") -> 46 | BH5: =IF(AND(N5>0,AK5>0),MIN(N5,AK5),"-") -> 7 | BI5: =IF(AND(O5>0,AL5>0),MIN(O5,AL5),"-") -> 4 | BJ5: =IF(AND(P5>0,AM5>0),MIN(P5,AM5),"-") -> 3 | BK5: =IF(AND(Q5>0,AN5>0),MIN(Q5,AN5),"-") -> 6 | BL5: =IF(AND(R5>0,AO5>0),MIN(R5,AO5),"-") -> 3 | BM5: =IF(AND(S5>0,AP5>0),MIN(S5,AP5),"-") -> 6 | BN5: =IF(AND(T5>0,AQ5>0),MIN(T5,AQ5),"-") -> 5 | BO5: =IF(AND(U5>0,AR5>0),MIN(U5,AR5),"-") -> 7 | BP5: =IF(AND(V5>0,AS5>0),MIN(V5,AS5),"-") -> 8 | BQ5: =IF(COUNTIF(BH5:BP5,"<>-")=9,SUM(BH5:BP5),"-") -> 49 | BR5: =BG5 -> 46 | BS5: =IF(COUNTIF(BQ5:BR5,"<>-")=2,SUM(BQ5:BR5),"-") -> 95 | BT5: =IF(ISNUMBER(BS5),BS5-(C5*Rules!$P$9/100),"-") -> 88 | BU5: =RANK($BT5,$BT$5:$BT$106,1)+COUNTIF(BT$5:BT5,BT5)-1 -> 10 | BV5: =RANK(BT5,$BT$5:$BT$215,1) -> 10 | BW5: =B5 -> SHAY BROEDELET | BX5: =C5 -> 28 | BY5: =BT5 -> 88 | CC5: 1 | CD5: =VLOOKUP(CC5,$BV$5:BY$215,1,FALSE) -> 1 | CE5: =VLOOKUP(CC5,$BV$5:BY$215,2,FALSE) -> MELISSA PALMER | CF5: =VLOOKUP(CC5,$BV$5:BY$215,4,FALSE) -> 78 | CL5: 1
A6: 2 | B6: ='C Div'!A6 & " " & 'C Div'!B6 -> PREM GOVENDER | C6: ='C Div'!E6 -> 26 | D6: 6 | E6: 3 | F6: 6 | G6: 4 | H6: 7 | I6: 4 | J6: 5 | K6: 6 | L6: 5 | M6: =IF(COUNTIF(D6:L6,"<>"&"")=9,SUM(D6:L6),"-") -> 46 | N6: 8 | O6: 5 | P6: 4 | Q6: 7 | R6: 3 | S6: 6 | T6: 6 | U6: 6 | V6: 8 | W6: =IF(COUNTIF(N6:V6,"<>"&"")=9,SUM(N6:V6),"-") -> 53 | X6: =IF(AND(ISNUMBER(M6),ISNUMBER(W6)),M6+W6,"-") -> 99 | Y6: =IF(ISNUMBER(X6),X6-C6,"-") -> 73 | AA6: 6 | AB6: 4 | AC6: 5 | AD6: 6 | AE6: 11 | AF6: 5 | AG6: 6 | AH6: 5 | AI6: 6 | AJ6: =IF(COUNTIF(AA6:AI6,"<>"&"")=9,SUM(AA6:AI6),"-") -> 54 | AK6: 9 | AL6: 7 | AM6: 3 | AN6: 6 | AO6: 4 | AP6: 7 | AQ6: 5 | AR6: 7 | AS6: 7 | AT6: =IF(COUNTIF(AK6:AS6,"<>"&"")=9,SUM(AK6:AS6),"-") -> 55 | AU6: =IF(AND(ISNUMBER(AJ6),ISNUMBER(AT6)),AJ6+AT6,"-") -> 109 | AV6: =IF(ISNUMBER(AU6),AU6-C6,"-") -> 83 | AX6: =IF(AND(D6>0,AA6>0),MIN(D6,AA6),"-") -> 6 | AY6: =IF(AND(E6>0,AB6>0),MIN(E6,AB6),"-") -> 3 | AZ6: =IF(AND(F6>0,AC6>0),MIN(F6,AC6),"-") -> 5 | BA6: =IF(AND(G6>0,AD6>0),MIN(G6,AD6),"-") -> 4 | BB6: =IF(AND(H6>0,AE6>0),MIN(H6,AE6),"-") -> 7 | BC6: =IF(AND(I6>0,AF6>0),MIN(I6,AF6),"-") -> 4 | BD6: =IF(AND(J6>0,AG6>0),MIN(J6,AG6),"-") -> 5 | BE6: =IF(AND(K6>0,AH6>0),MIN(K6,AH6),"-") -> 5 | BF6: =IF(AND(L6>0,AI6>0),MIN(L6,AI6),"-") -> 5 | BG6: =IF(COUNTIF(AX6:BF6,"<>-")=9,SUM(AX6:BF6),"-") -> 44 | BH6: =IF(AND(N6>0,AK6>0),MIN(N6,AK6),"-") -> 8 | BI6: =IF(AND(O6>0,AL6>0),MIN(O6,AL6),"-") -> 5 | BJ6: =IF(AND(P6>0,AM6>0),MIN(P6,AM6),"-") -> 3 | BK6: =IF(AND(Q6>0,AN6>0),MIN(Q6,AN6),"-") -> 6 | BL6: =IF(AND(R6>0,AO6>0),MIN(R6,AO6),"-") -> 3 | BM6: =IF(AND(S6>0,AP6>0),MIN(S6,AP6),"-") -> 6 | BN6: =IF(AND(T6>0,AQ6>0),MIN(T6,AQ6),"-") -> 5 | BO6: =IF(AND(U6>0,AR6>0),MIN(U6,AR6),"-") -> 6 | BP6: =IF(AND(V6>0,AS6>0),MIN(V6,AS6),"-") -> 7 | BQ6: =IF(COUNTIF(BH6:BP6,"<>-")=9,SUM(BH6:BP6),"-") -> 49 | BR6: =BG6 -> 44 | BS6: =IF(COUNTIF(BQ6:BR6,"<>-")=2,SUM(BQ6:BR6),"-") -> 93 | BT6: =IF(ISNUMBER(BS6),BS6-(C6*Rules!$P$9/100),"-") -> 86.5 | BU6: =RANK($BT6,$BT$5:$BT$106,1)+COUNTIF(BT$5:BT6,BT6)-1 -> 8 | BV6: =RANK(BT6,$BT$5:$BT$215,1) -> 8 | BW6: =B6 -> PREM GOVENDER | BX6: =C6 -> 26 | BY6: =BT6 -> 86.5 | CC6: 2 | CD6: =VLOOKUP(CC6,$BV$5:BY$215,1,FALSE) -> 2 | CE6: =VLOOKUP(CC6,$BV$5:BY$215,2,FALSE) -> GAIL SPEIRS | CF6: =VLOOKUP(CC6,$BV$5:BY$215,4,FALSE) -> 80 | CL6: 1
A7: 3 | B7: ='C Div'!A7 & " " & 'C Div'!B7 -> RENE LADELL | C7: ='C Div'!E7 -> 36 | D7: 7 | E7: 3 | F7: 7 | G7: 7 | H7: 9 | I7: 5 | J7: 7 | K7: 6 | L7: 5 | M7: =IF(COUNTIF(D7:L7,"<>"&"")=9,SUM(D7:L7),"-") -> 56 | N7: 9 | O7: 7 | P7: 3 | Q7: 8 | R7: 4 | S7: 7 | T7: 6 | U7: 8 | V7: 7 | W7: =IF(COUNTIF(N7:V7,"<>"&"")=9,SUM(N7:V7),"-") -> 59 | X7: =IF(AND(ISNUMBER(M7),ISNUMBER(W7)),M7+W7,"-") -> 115 | Y7: =IF(ISNUMBER(X7),X7-C7,"-") -> 79 | AA7: 6 | AB7: 4 | AC7: 7 | AD7: 6 | AE7: 7 | AF7: 3 | AG7: 6 | AH7: 7 | AI7: 7 | AJ7: =IF(COUNTIF(AA7:AI7,"<>"&"")=9,SUM(AA7:AI7),"-") -> 53 | AK7: 10 | AL7: 6 | AM7: 4 | AN7: 8 | AO7: 5 | AP7: 8 | AQ7: 6 | AR7: 7 | AS7: 8 | AT7: =IF(COUNTIF(AK7:AS7,"<>"&"")=9,SUM(AK7:AS7),"-") -> 62 | AU7: =IF(AND(ISNUMBER(AJ7),ISNUMBER(AT7)),AJ7+AT7,"-") -> 115 | AV7: =IF(ISNUMBER(AU7),AU7-C7,"-") -> 79 | AX7: =IF(AND(D7>0,AA7>0),MIN(D7,AA7),"-") -> 6 | AY7: =IF(AND(E7>0,AB7>0),MIN(E7,AB7),"-") -> 3 | AZ7: =IF(AND(F7>0,AC7>0),MIN(F7,AC7),"-") -> 7 | BA7: =IF(AND(G7>0,AD7>0),MIN(G7,AD7),"-") -> 6 | BB7: =IF(AND(H7>0,AE7>0),MIN(H7,AE7),"-") -> 7 | BC7: =IF(AND(I7>0,AF7>0),MIN(I7,AF7),"-") -> 3 | BD7: =IF(AND(J7>0,AG7>0),MIN(J7,AG7),"-") -> 6 | BE7: =IF(AND(K7>0,AH7>0),MIN(K7,AH7),"-") -> 6 | BF7: =IF(AND(L7>0,AI7>0),MIN(L7,AI7),"-") -> 5 | BG7: =IF(COUNTIF(AX7:BF7,"<>-")=9,SUM(AX7:BF7),"-") -> 49 | BH7: =IF(AND(N7>0,AK7>0),MIN(N7,AK7),"-") -> 9 | BI7: =IF(AND(O7>0,AL7>0),MIN(O7,AL7),"-") -> 6 | BJ7: =IF(AND(P7>0,AM7>0),MIN(P7,AM7),"-") -> 3 | BK7: =IF(AND(Q7>0,AN7>0),MIN(Q7,AN7),"-") -> 8 | BL7: =IF(AND(R7>0,AO7>0),MIN(R7,AO7),"-") -> 4 | BM7: =IF(AND(S7>0,AP7>0),MIN(S7,AP7),"-") -> 7 | BN7: =IF(AND(T7>0,AQ7>0),MIN(T7,AQ7),"-") -> 6 | BO7: =IF(AND(U7>0,AR7>0),MIN(U7,AR7),"-") -> 7 | BP7: =IF(AND(V7>0,AS7>0),MIN(V7,AS7),"-") -> 7 | BQ7: =IF(COUNTIF(BH7:BP7,"<>-")=9,SUM(BH7:BP7),"-") -> 57 | BR7: =BG7 -> 49 | BS7: =IF(COUNTIF(BQ7:BR7,"<>-")=2,SUM(BQ7:BR7),"-") -> 106 | BT7: =IF(ISNUMBER(BS7),BS7-(C7*Rules!$P$9/100),"-") -> 97 | BU7: =RANK($BT7,$BT$5:$BT$106,1)+COUNTIF(BT$5:BT7,BT7)-1 -> 11 | BV7: =RANK(BT7,$BT$5:$BT$215,1) -> 11 | BW7: =B7 -> RENE LADELL | BX7: =C7 -> 36 | BY7: =BT7 -> 97 | CC7: 3 | CD7: =VLOOKUP(CC7,$BV$5:BY$215,1,FALSE) -> 3 | CE7: =VLOOKUP(CC7,$BV$5:BY$215,2,FALSE) -> JUDY VAN DER VEEN | CF7: =VLOOKUP(CC7,$BV$5:BY$215,4,FALSE) -> 80.5 | CL7: 1
A8: 4 | B8: ='C Div'!A8 & " " & 'C Div'!B8 -> ANGELA MASEFIELD | C8: ='C Div'!E8 -> 22 | D8: 5 | E8: 5 | F8: 8 | G8: 5 | H8: 7 | I8: 3 | J8: 5 | K8: 5 | L8: 4 | M8: =IF(COUNTIF(D8:L8,"<>"&"")=9,SUM(D8:L8),"-") -> 47 | N8: 8 | O8: 6 | P8: 4 | Q8: 6 | R8: 5 | S8: 6 | T8: 5 | U8: 5 | V8: 9 | W8: =IF(COUNTIF(N8:V8,"<>"&"")=9,SUM(N8:V8),"-") -> 54 | X8: =IF(AND(ISNUMBER(M8),ISNUMBER(W8)),M8+W8,"-") -> 101 | Y8: =IF(ISNUMBER(X8),X8-C8,"-") -> 79 | AA8: 5 | AB8: 4 | AC8: 8 | AD8: 6 | AE8: 6 | AF8: 5 | AG8: 8 | AH8: 7 | AI8: 6 | AJ8: =IF(COUNTIF(AA8:AI8,"<>"&"")=9,SUM(AA8:AI8),"-") -> 55 | AK8: 6 | AL8: 6 | AM8: 3 | AN8: 7 | AO8: 4 | AP8: 7 | AQ8: 5 | AR8: 5 | AS8: 7 | AT8: =IF(COUNTIF(AK8:AS8,"<>"&"")=9,SUM(AK8:AS8),"-") -> 50 | AU8: =IF(AND(ISNUMBER(AJ8),ISNUMBER(AT8)),AJ8+AT8,"-") -> 105 | AV8: =IF(ISNUMBER(AU8),AU8-C8,"-") -> 83 | AX8: =IF(AND(D8>0,AA8>0),MIN(D8,AA8),"-") -> 5 | AY8: =IF(AND(E8>0,AB8>0),MIN(E8,AB8),"-") -> 4 | AZ8: =IF(AND(F8>0,AC8>0),MIN(F8,AC8),"-") -> 8 | BA8: =IF(AND(G8>0,AD8>0),MIN(G8,AD8),"-") -> 5 | BB8: =IF(AND(H8>0,AE8>0),MIN(H8,AE8),"-") -> 6 | BC8: =IF(AND(I8>0,AF8>0),MIN(I8,AF8),"-") -> 3 | BD8: =IF(AND(J8>0,AG8>0),MIN(J8,AG8),"-") -> 5 | BE8: =IF(AND(K8>0,AH8>0),MIN(K8,AH8),"-") -> 5 | BF8: =IF(AND(L8>0,AI8>0),MIN(L8,AI8),"-") -> 4 | BG8: =IF(COUNTIF(AX8:BF8,"<>-")=9,SUM(AX8:BF8),"-") -> 45 | BH8: =IF(AND(N8>0,AK8>0),MIN(N8,AK8),"-") -> 6 | BI8: =IF(AND(O8>0,AL8>0),MIN(O8,AL8),"-") -> 6 | BJ8: =IF(AND(P8>0,AM8>0),MIN(P8,AM8),"-") -> 3 | BK8: =IF(AND(Q8>0,AN8>0),MIN(Q8,AN8),"-") -> 6 | BL8: =IF(AND(R8>0,AO8>0),MIN(R8,AO8),"-") -> 4 | BM8: =IF(AND(S8>0,AP8>0),MIN(S8,AP8),"-") -> 6 | BN8: =IF(AND(T8>0,AQ8>0),MIN(T8,AQ8),"-") -> 5 | BO8: =IF(AND(U8>0,AR8>0),MIN(U8,AR8),"-") -> 5 | BP8: =IF(AND(V8>0,AS8>0),MIN(V8,AS8),"-") -> 7 | BQ8: =IF(COUNTIF(BH8:BP8,"<>-")=9,SUM(BH8:BP8),"-") -> 48 | BR8: =BG8 -> 45 | BS8: =IF(COUNTIF(BQ8:BR8,"<>-")=2,SUM(BQ8:BR8),"-") -> 93 | BT8: =IF(ISNUMBER(BS8),BS8-(C8*Rules!$P$9/100),"-") -> 87.5 | BU8: =RANK($BT8,$BT$5:$BT$106,1)+COUNTIF(BT$5:BT8,BT8)-1 -> 9 | BV8: =RANK(BT8,$BT$5:$BT$215,1) -> 9 | BW8: =B8 -> ANGELA MASEFIELD | BX8: =C8 -> 22 | BY8: =BT8 -> 87.5 | CC8: 4 | CD8: =VLOOKUP(CC8,$BV$5:BY$215,1,FALSE) -> 4 | CE8: =VLOOKUP(CC8,$BV$5:BY$215,2,FALSE) -> JANIS NEL | CF8: =VLOOKUP(CC8,$BV$5:BY$215,4,FALSE) -> 81 | CL8: 1
A9: 5 | B9: ='C Div'!A9 & " " & 'C Div'!B9 -> FIFI NARAN | C9: ='C Div'!E9 -> 25 | D9: 5 | E9: 3 | F9: 5 | G9: 6 | H9: 8 | I9: 5 | J9: 7 | K9: 6 | L9: 3 | M9: =IF(COUNTIF(D9:L9,"<>"&"")=9,SUM(D9:L9),"-") -> 48 | N9: 6 | O9: 7 | P9: 6 | Q9: 7 | R9: 4 | S9: 6 | T9: 5 | U9: 6 | V9: 7 | W9: =IF(COUNTIF(N9:V9,"<>"&"")=9,SUM(N9:V9),"-") -> 54 | X9: =IF(AND(ISNUMBER(M9),ISNUMBER(W9)),M9+W9,"-") -> 102 | Y9: =IF(ISNUMBER(X9),X9-C9,"-") -> 77 | AA9: 6 | AB9: 3 | AC9: 7 | AD9: 5 | AE9: 8 | AF9: 4 | AG9: 4 | AH9: 5 | AI9: 4 | AJ9: =IF(COUNTIF(AA9:AI9,"<>"&"")=9,SUM(AA9:AI9),"-") -> 46 | AK9: 6 | AL9: 5 | AM9: 5 | AN9: 6 | AO9: 7 | AP9: 7 | AQ9: 4 | AR9: 9 | AS9: 8 | AT9: =IF(COUNTIF(AK9:AS9,"<>"&"")=9,SUM(AK9:AS9),"-") -> 57 | AU9: =IF(AND(ISNUMBER(AJ9),ISNUMBER(AT9)),AJ9+AT9,"-") -> 103 | AV9: =IF(ISNUMBER(AU9),AU9-C9,"-") -> 78 | AX9: =IF(AND(D9>0,AA9>0),MIN(D9,AA9),"-") -> 5 | AY9: =IF(AND(E9>0,AB9>0),MIN(E9,AB9),"-") -> 3 | AZ9: =IF(AND(F9>0,AC9>0),MIN(F9,AC9),"-") -> 5 | BA9: =IF(AND(G9>0,AD9>0),MIN(G9,AD9),"-") -> 5 | BB9: =IF(AND(H9>0,AE9>0),MIN(H9,AE9),"-") -> 8 | BC9: =IF(AND(I9>0,AF9>0),MIN(I9,AF9),"-") -> 4 | BD9: =IF(AND(J9>0,AG9>0),MIN(J9,AG9),"-") -> 4 | BE9: =IF(AND(K9>0,AH9>0),MIN(K9,AH9),"-") -> 5 | BF9: =IF(AND(L9>0,AI9>0),MIN(L9,AI9),"-") -> 3 | BG9: =IF(COUNTIF(AX9:BF9,"<>-")=9,SUM(AX9:BF9),"-") -> 42 | BH9: =IF(AND(N9>0,AK9>0),MIN(N9,AK9),"-") -> 6 | BI9: =IF(AND(O9>0,AL9>0),MIN(O9,AL9),"-") -> 5 | BJ9: =IF(AND(P9>0,AM9>0),MIN(P9,AM9),"-") -> 5 | BK9: =IF(AND(Q9>0,AN9>0),MIN(Q9,AN9),"-") -> 6 | BL9: =IF(AND(R9>0,AO9>0),MIN(R9,AO9),"-") -> 4 | BM9: =IF(AND(S9>0,AP9>0),MIN(S9,AP9),"-") -> 6 | BN9: =IF(AND(T9>0,AQ9>0),MIN(T9,AQ9),"-") -> 4 | BO9: =IF(AND(U9>0,AR9>0),MIN(U9,AR9),"-") -> 6 | BP9: =IF(AND(V9>0,AS9>0),MIN(V9,AS9),"-") -> 7 | BQ9: =IF(COUNTIF(BH9:BP9,"<>-")=9,SUM(BH9:BP9),"-") -> 49 | BR9: =BG9 -> 42 | BS9: =IF(COUNTIF(BQ9:BR9,"<>-")=2,SUM(BQ9:BR9),"-") -> 91 | BT9: =IF(ISNUMBER(BS9),BS9-(C9*Rules!$P$9/100),"-") -> 84.75 | BU9: =RANK($BT9,$BT$5:$BT$106,1)+COUNTIF(BT$5:BT9,BT9)-1 -> 6 | BV9: =RANK(BT9,$BT$5:$BT$215,1) -> 6 | BW9: =B9 -> FIFI NARAN | BX9: =C9 -> 25 | BY9: =BT9 -> 84.75 | CC9: 5 | CD9: =VLOOKUP(CC9,$BV$5:BY$215,1,FALSE) -> 5 | CE9: =VLOOKUP(CC9,$BV$5:BY$215,2,FALSE) -> KAREN STOTT | CF9: =VLOOKUP(CC9,$BV$5:BY$215,4,FALSE) -> 82 | CL9: 1
A10: 6 | B10: ='C Div'!A10 & " " & 'C Div'!B10 -> JANIS NEL | C10: ='C Div'!E10 -> 20 | D10: 5 | E10: 2 | F10: 6 | G10: 5 | H10: 7 | I10: 3 | J10: 6 | K10: 5 | L10: 5 | M10: =IF(COUNTIF(D10:L10,"<>"&"")=9,SUM(D10:L10),"-") -> 44 | N10: 5 | O10: 4 | P10: 3 | Q10: 6 | R10: 4 | S10: 6 | T10: 4 | U10: 5 | V10: 6 | W10: =IF(COUNTIF(N10:V10,"<>"&"")=9,SUM(N10:V10),"-") -> 43 | X10: =IF(AND(ISNUMBER(M10),ISNUMBER(W10)),M10+W10,"-") -> 87 | Y10: =IF(ISNUMBER(X10),X10-C10,"-") -> 67 | AA10: 5 | AB10: 3 | AC10: 5 | AD10: 6 | AE10: 8 | AF10: 3 | AG10: 6 | AH10: 6 | AI10: 5 | AJ10: =IF(COUNTIF(AA10:AI10,"<>"&"")=9,SUM(AA10:AI10),"-") -> 47 | AK10: 6 | AL10: 4 | AM10: 3 | AN10: 7 | AO10: 4 | AP10: 8 | AQ10: 4 | AR10: 6 | AS10: 6 | AT10: =IF(COUNTIF(AK10:AS10,"<>"&"")=9,SUM(AK10:AS10),"-") -> 48 | AU10: =IF(AND(ISNUMBER(AJ10),ISNUMBER(AT10)),AJ10+AT10,"-") -> 95 | AV10: =IF(ISNUMBER(AU10),AU10-C10,"-") -> 75 | AX10: =IF(AND(D10>0,AA10>0),MIN(D10,AA10),"-") -> 5 | AY10: =IF(AND(E10>0,AB10>0),MIN(E10,AB10),"-") -> 2 | AZ10: =IF(AND(F10>0,AC10>0),MIN(F10,AC10),"-") -> 5 | BA10: =IF(AND(G10>0,AD10>0),MIN(G10,AD10),"-") -> 5 | BB10: =IF(AND(H10>0,AE10>0),MIN(H10,AE10),"-") -> 7 | BC10: =IF(AND(I10>0,AF10>0),MIN(I10,AF10),"-") -> 3 | BD10: =IF(AND(J10>0,AG10>0),MIN(J10,AG10),"-") -> 6 | BE10: =IF(AND(K10>0,AH10>0),MIN(K10,AH10),"-") -> 5 | BF10: =IF(AND(L10>0,AI10>0),MIN(L10,AI10),"-") -> 5 | BG10: =IF(COUNTIF(AX10:BF10,"<>-")=9,SUM(AX10:BF10),"-") -> 43 | BH10: =IF(AND(N10>0,AK10>0),MIN(N10,AK10),"-") -> 5 | BI10: =IF(AND(O10>0,AL10>0),MIN(O10,AL10),"-") -> 4 | BJ10: =IF(AND(P10>0,AM10>0),MIN(P10,AM10),"-") -> 3 | BK10: =IF(AND(Q10>0,AN10>0),MIN(Q10,AN10),"-") -> 6 | BL10: =IF(AND(R10>0,AO10>0),MIN(R10,AO10),"-") -> 4 | BM10: =IF(AND(S10>0,AP10>0),MIN(S10,AP10),"-") -> 6 | BN10: =IF(AND(T10>0,AQ10>0),MIN(T10,AQ10),"-") -> 4 | BO10: =IF(AND(U10>0,AR10>0),MIN(U10,AR10),"-") -> 5 | BP10: =IF(AND(V10>0,AS10>0),MIN(V10,AS10),"-") -> 6 | BQ10: =IF(COUNTIF(BH10:BP10,"<>-")=9,SUM(BH10:BP10),"-") -> 43 | BR10: =BG10 -> 43 | BS10: =IF(COUNTIF(BQ10:BR10,"<>-")=2,SUM(BQ10:BR10),"-") -> 86 | BT10: =IF(ISNUMBER(BS10),BS10-(C10*Rules!$P$9/100),"-") -> 81 | BU10: =RANK($BT10,$BT$5:$BT$106,1)+COUNTIF(BT$5:BT10,BT10)-1 -> 4 | BV10: =RANK(BT10,$BT$5:$BT$215,1) -> 4 | BW10: =B10 -> JANIS NEL | BX10: =C10 -> 20 | BY10: =BT10 -> 81 | CC10: 6 | CD10: =VLOOKUP(CC10,$BV$5:BY$215,1,FALSE) -> 6 | CE10: =VLOOKUP(CC10,$BV$5:BY$215,2,FALSE) -> FIFI NARAN | CF10: =VLOOKUP(CC10,$BV$5:BY$215,4,FALSE) -> 84.75 | CL10: 1
A11: 7 | B11: ='C Div'!A11 & " " & 'C Div'!B11 -> MELISSA PALMER | C11: ='C Div'!E11 -> 20 | D11: 6 | E11: 3 | F11: 6 | G11: 4 | H11: 7 | I11: 3 | J11: 5 | K11: 5 | L11: 5 | M11: =IF(COUNTIF(D11:L11,"<>"&"")=9,SUM(D11:L11),"-") -> 44 | N11: 7 | O11: 4 | P11: 4 | Q11: 7 | R11: 6 | S11: 6 | T11: 3 | U11: 5 | V11: 4 | W11: =IF(COUNTIF(N11:V11,"<>"&"")=9,SUM(N11:V11),"-") -> 46 | X11: =IF(AND(ISNUMBER(M11),ISNUMBER(W11)),M11+W11,"-") -> 90 | Y11: =IF(ISNUMBER(X11),X11-C11,"-") -> 70 | AA11: 5 | AB11: 5 | AC11: 4 | AD11: 6 | AE11: 10 | AF11: 5 | AG11: 6 | AH11: 5 | AI11: 5 | AJ11: =IF(COUNTIF(AA11:AI11,"<>"&"")=9,SUM(AA11:AI11),"-") -> 51 | AK11: 10 | AL11: 5 | AM11: 4 | AN11: 6 | AO11: 4 | AP11: 5 | AQ11: 4 | AR11: 6 | AS11: 5.1 | AT11: =IF(COUNTIF(AK11:AS11,"<>"&"")=9,SUM(AK11:AS11),"-") -> 49.1 | AU11: =IF(AND(ISNUMBER(AJ11),ISNUMBER(AT11)),AJ11+AT11,"-") -> 100.1 | AV11: =IF(ISNUMBER(AU11),AU11-C11,"-") -> 80.1 | AX11: =IF(AND(D11>0,AA11>0),MIN(D11,AA11),"-") -> 5 | AY11: =IF(AND(E11>0,AB11>0),MIN(E11,AB11),"-") -> 3 | AZ11: =IF(AND(F11>0,AC11>0),MIN(F11,AC11),"-") -> 4 | BA11: =IF(AND(G11>0,AD11>0),MIN(G11,AD11),"-") -> 4 | BB11: =IF(AND(H11>0,AE11>0),MIN(H11,AE11),"-") -> 7 | BC11: =IF(AND(I11>0,AF11>0),MIN(I11,AF11),"-") -> 3 | BD11: =IF(AND(J11>0,AG11>0),MIN(J11,AG11),"-") -> 5 | BE11: =IF(AND(K11>0,AH11>0),MIN(K11,AH11),"-") -> 5 | BF11: =IF(AND(L11>0,AI11>0),MIN(L11,AI11),"-") -> 5 | BG11: =IF(COUNTIF(AX11:BF11,"<>-")=9,SUM(AX11:BF11),"-") -> 41 | BH11: =IF(AND(N11>0,AK11>0),MIN(N11,AK11),"-") -> 7 | BI11: =IF(AND(O11>0,AL11>0),MIN(O11,AL11),"-") -> 4 | BJ11: =IF(AND(P11>0,AM11>0),MIN(P11,AM11),"-") -> 4 | BK11: =IF(AND(Q11>0,AN11>0),MIN(Q11,AN11),"-") -> 6 | BL11: =IF(AND(R11>0,AO11>0),MIN(R11,AO11),"-") -> 4 | BM11: =IF(AND(S11>0,AP11>0),MIN(S11,AP11),"-") -> 5 | BN11: =IF(AND(T11>0,AQ11>0),MIN(T11,AQ11),"-") -> 3 | BO11: =IF(AND(U11>0,AR11>0),MIN(U11,AR11),"-") -> 5 | BP11: =IF(AND(V11>0,AS11>0),MIN(V11,AS11),"-") -> 4 | BQ11: =IF(COUNTIF(BH11:BP11,"<>-")=9,SUM(BH11:BP11),"-") -> 42 | BR11: =BG11 -> 41 | BS11: =IF(COUNTIF(BQ11:BR11,"<>-")=2,SUM(BQ11:BR11),"-") -> 83 | BT11: =IF(ISNUMBER(BS11),BS11-(C11*Rules!$P$9/100),"-") -> 78 | BU11: =RANK($BT11,$BT$5:$BT$106,1)+COUNTIF(BT$5:BT11,BT11)-1 -> 1 | BV11: =RANK(BT11,$BT$5:$BT$215,1) -> 1 | BW11: =B11 -> MELISSA PALMER | BX11: =C11 -> 20 | BY11: =BT11 -> 78 | CC11: 7 | CD11: =VLOOKUP(CC11,$BV$5:BY$215,1,FALSE) -> 7 | CE11: =VLOOKUP(CC11,$BV$5:BY$215,2,FALSE) -> MELISSA SAVIO | CF11: =VLOOKUP(CC11,$BV$5:BY$215,4,FALSE) -> 85.25 | CL11: 1
A12: 8 | B12: ='C Div'!A12 & " " & 'C Div'!B12 -> MELISSA SAVIO | C12: ='C Div'!E12 -> 27 | D12: 6 | E12: 3 | F12: 6 | G12: 5 | H12: 6 | I12: 6 | J12: 5 | K12: 5 | L12: 5 | M12: =IF(COUNTIF(D12:L12,"<>"&"")=9,SUM(D12:L12),"-") -> 47 | N12: 7 | O12: 5 | P12: 4 | Q12: 7 | R12: 3 | S12: 7 | T12: 3 | U12: 6 | V12: 6 | W12: =IF(COUNTIF(N12:V12,"<>"&"")=9,SUM(N12:V12),"-") -> 48 | X12: =IF(AND(ISNUMBER(M12),ISNUMBER(W12)),M12+W12,"-") -> 95 | Y12: =IF(ISNUMBER(X12),X12-C12,"-") -> 68 | AA12: 5 | AB12: 3 | AC12: 6 | AD12: 6 | AE12: 6 | AF12: 4 | AG12: 7 | AH12: 5 | AI12: 5 | AJ12: =IF(COUNTIF(AA12:AI12,"<>"&"")=9,SUM(AA12:AI12),"-") -> 47 | AK12: 7 | AL12: 6 | AM12: 4 | AN12: 7 | AO12: 4 | AP12: 7 | AQ12: 4 | AR12: 6 | AS12: 11 | AT12: =IF(COUNTIF(AK12:AS12,"<>"&"")=9,SUM(AK12:AS12),"-") -> 56 | AU12: =IF(AND(ISNUMBER(AJ12),ISNUMBER(AT12)),AJ12+AT12,"-") -> 103 | AV12: =IF(ISNUMBER(AU12),AU12-C12,"-") -> 76 | AX12: =IF(AND(D12>0,AA12>0),MIN(D12,AA12),"-") -> 5 | AY12: =IF(AND(E12>0,AB12>0),MIN(E12,AB12),"-") -> 3 | AZ12: =IF(AND(F12>0,AC12>0),MIN(F12,AC12),"-") -> 6 | BA12: =IF(AND(G12>0,AD12>0),MIN(G12,AD12),"-") -> 5 | BB12: =IF(AND(H12>0,AE12>0),MIN(H12,AE12),"-") -> 6 | BC12: =IF(AND(I12>0,AF12>0),MIN(I12,AF12),"-") -> 4 | BD12: =IF(AND(J12>0,AG12>0),MIN(J12,AG12),"-") -> 5 | BE12: =IF(AND(K12>0,AH12>0),MIN(K12,AH12),"-") -> 5 | BF12: =IF(AND(L12>0,AI12>0),MIN(L12,AI12),"-") -> 5 | BG12: =IF(COUNTIF(AX12:BF12,"<>-")=9,SUM(AX12:BF12),"-") -> 44 | BH12: =IF(AND(N12>0,AK12>0),MIN(N12,AK12),"-") -> 7 | BI12: =IF(AND(O12>0,AL12>0),MIN(O12,AL12),"-") -> 5 | BJ12: =IF(AND(P12>0,AM12>0),MIN(P12,AM12),"-") -> 4 | BK12: =IF(AND(Q12>0,AN12>0),MIN(Q12,AN12),"-") -> 7 | BL12: =IF(AND(R12>0,AO12>0),MIN(R12,AO12),"-") -> 3 | BM12: =IF(AND(S12>0,AP12>0),MIN(S12,AP12),"-") -> 7 | BN12: =IF(AND(T12>0,AQ12>0),MIN(T12,AQ12),"-") -> 3 | BO12: =IF(AND(U12>0,AR12>0),MIN(U12,AR12),"-") -> 6 | BP12: =IF(AND(V12>0,AS12>0),MIN(V12,AS12),"-") -> 6 | BQ12: =IF(COUNTIF(BH12:BP12,"<>-")=9,SUM(BH12:BP12),"-") -> 48 | BR12: =BG12 -> 44 | BS12: =IF(COUNTIF(BQ12:BR12,"<>-")=2,SUM(BQ12:BR12),"-") -> 92 | BT12: =IF(ISNUMBER(BS12),BS12-(C12*Rules!$P$9/100),"-") -> 85.25 | BU12: =RANK($BT12,$BT$5:$BT$106,1)+COUNTIF(BT$5:BT12,BT12)-1 -> 7 | BV12: =RANK(BT12,$BT$5:$BT$215,1) -> 7 | BW12: =B12 -> MELISSA SAVIO | BX12: =C12 -> 27 | BY12: =BT12 -> 85.25 | CC12: 8 | CD12: =VLOOKUP(CC12,$BV$5:BY$215,1,FALSE) -> 8 | CE12: =VLOOKUP(CC12,$BV$5:BY$215,2,FALSE) -> PREM GOVENDER | CF12: =VLOOKUP(CC12,$BV$5:BY$215,4,FALSE) -> 86.5 | CL12: 1
A13: 9 | B13: ='C Div'!A13 & " " & 'C Div'!B13 -> GAIL SPEIRS | C13: ='C Div'!E13 -> 20 | D13: 5 | E13: 4 | F13: 5 | G13: 5 | H13: 6 | I13: 4 | J13: 7 | K13: 6 | L13: 5 | M13: =IF(COUNTIF(D13:L13,"<>"&"")=9,SUM(D13:L13),"-") -> 47 | N13: 6 | O13: 4 | P13: 7 | Q13: 6 | R13: 4 | S13: 5 | T13: 10 | U13: 7 | V13: 7 | W13: =IF(COUNTIF(N13:V13,"<>"&"")=9,SUM(N13:V13),"-") -> 56 | X13: =IF(AND(ISNUMBER(M13),ISNUMBER(W13)),M13+W13,"-") -> 103 | Y13: =IF(ISNUMBER(X13),X13-C13,"-") -> 83 | AA13: 5 | AB13: 5 | AC13: 5 | AD13: 5 | AE13: 6 | AF13: 5 | AG13: 4 | AH13: 5 | AI13: 6 | AJ13: =IF(COUNTIF(AA13:AI13,"<>"&"")=9,SUM(AA13:AI13),"-") -> 46 | AK13: 8 | AL13: 5 | AM13: 3 | AN13: 5 | AO13: 4 | AP13: 6 | AQ13: 5 | AR13: 5 | AS13: 5 | AT13: =IF(COUNTIF(AK13:AS13,"<>"&"")=9,SUM(AK13:AS13),"-") -> 46 | AU13: =IF(AND(ISNUMBER(AJ13),ISNUMBER(AT13)),AJ13+AT13,"-") -> 92 | AV13: =IF(ISNUMBER(AU13),AU13-C13,"-") -> 72 | AX13: =IF(AND(D13>0,AA13>0),MIN(D13,AA13),"-") -> 5 | AY13: =IF(AND(E13>0,AB13>0),MIN(E13,AB13),"-") -> 4 | AZ13: =IF(AND(F13>0,AC13>0),MIN(F13,AC13),"-") -> 5 | BA13: =IF(AND(G13>0,AD13>0),MIN(G13,AD13),"-") -> 5 | BB13: =IF(AND(H13>0,AE13>0),MIN(H13,AE13),"-") -> 6 | BC13: =IF(AND(I13>0,AF13>0),MIN(I13,AF13),"-") -> 4 | BD13: =IF(AND(J13>0,AG13>0),MIN(J13,AG13),"-") -> 4 | BE13: =IF(AND(K13>0,AH13>0),MIN(K13,AH13),"-") -> 5 | BF13: =IF(AND(L13>0,AI13>0),MIN(L13,AI13),"-") -> 5 | BG13: =IF(COUNTIF(AX13:BF13,"<>-")=9,SUM(AX13:BF13),"-") -> 43 | BH13: =IF(AND(N13>0,AK13>0),MIN(N13,AK13),"-") -> 6 | BI13: =IF(AND(O13>0,AL13>0),MIN(O13,AL13),"-") -> 4 | BJ13: =IF(AND(P13>0,AM13>0),MIN(P13,AM13),"-") -> 3 | BK13: =IF(AND(Q13>0,AN13>0),MIN(Q13,AN13),"-") -> 5 | BL13: =IF(AND(R13>0,AO13>0),MIN(R13,AO13),"-") -> 4 | BM13: =IF(AND(S13>0,AP13>0),MIN(S13,AP13),"-") -> 5 | BN13: =IF(AND(T13>0,AQ13>0),MIN(T13,AQ13),"-") -> 5 | BO13: =IF(AND(U13>0,AR13>0),MIN(U13,AR13),"-") -> 5 | BP13: =IF(AND(V13>0,AS13>0),MIN(V13,AS13),"-") -> 5 | BQ13: =IF(COUNTIF(BH13:BP13,"<>-")=9,SUM(BH13:BP13),"-") -> 42 | BR13: =BG13 -> 43 | BS13: =IF(COUNTIF(BQ13:BR13,"<>-")=2,SUM(BQ13:BR13),"-") -> 85 | BT13: =IF(ISNUMBER(BS13),BS13-(C13*Rules!$P$9/100),"-") -> 80 | BU13: =RANK($BT13,$BT$5:$BT$106,1)+COUNTIF(BT$5:BT13,BT13)-1 -> 2 | BV13: =RANK(BT13,$BT$5:$BT$215,1) -> 2 | BW13: =B13 -> GAIL SPEIRS | BX13: =C13 -> 20 | BY13: =BT13 -> 80 | CC13: 9 | CD13: =VLOOKUP(CC13,$BV$5:BY$215,1,FALSE) -> 9 | CE13: =VLOOKUP(CC13,$BV$5:BY$215,2,FALSE) -> ANGELA MASEFIELD | CF13: =VLOOKUP(CC13,$BV$5:BY$215,4,FALSE) -> 87.5 | CL13: 1
A14: 10 | B14: ='C Div'!A14 & " " & 'C Div'!B14 -> KAREN STOTT | C14: ='C Div'!E14 -> 20 | D14: 5 | E14: 3 | F14: 6 | G14: 5 | H14: 6 | I14: 3 | J14: 5 | K14: 5 | L14: 5 | M14: =IF(COUNTIF(D14:L14,"<>"&"")=9,SUM(D14:L14),"-") -> 43 | N14: 6 | O14: 5 | P14: 5 | Q14: 6 | R14: 3 | S14: 6 | T14: 5 | U14: 6 | V14: 8 | W14: =IF(COUNTIF(N14:V14,"<>"&"")=9,SUM(N14:V14),"-") -> 50 | X14: =IF(AND(ISNUMBER(M14),ISNUMBER(W14)),M14+W14,"-") -> 93 | Y14: =IF(ISNUMBER(X14),X14-C14,"-") -> 73 | AA14: 7 | AB14: 4 | AC14: 5 | AD14: 5 | AE14: 6 | AF14: 3 | AG14: 6 | AH14: 5 | AI14: 5 | AJ14: =IF(COUNTIF(AA14:AI14,"<>"&"")=9,SUM(AA14:AI14),"-") -> 46 | AK14: 5 | AL14: 5 | AM14: 4 | AN14: 6 | AO14: 4 | AP14: 8 | AQ14: 5 | AR14: 6 | AS14: 5 | AT14: =IF(COUNTIF(AK14:AS14,"<>"&"")=9,SUM(AK14:AS14),"-") -> 48 | AU14: =IF(AND(ISNUMBER(AJ14),ISNUMBER(AT14)),AJ14+AT14,"-") -> 94 | AV14: =IF(ISNUMBER(AU14),AU14-C14,"-") -> 74 | AX14: =IF(AND(D14>0,AA14>0),MIN(D14,AA14),"-") -> 5 | AY14: =IF(AND(E14>0,AB14>0),MIN(E14,AB14),"-") -> 3 | AZ14: =IF(AND(F14>0,AC14>0),MIN(F14,AC14),"-") -> 5 | BA14: =IF(AND(G14>0,AD14>0),MIN(G14,AD14),"-") -> 5 | BB14: =IF(AND(H14>0,AE14>0),MIN(H14,AE14),"-") -> 6 | BC14: =IF(AND(I14>0,AF14>0),MIN(I14,AF14),"-") -> 3 | BD14: =IF(AND(J14>0,AG14>0),MIN(J14,AG14),"-") -> 5 | BE14: =IF(AND(K14>0,AH14>0),MIN(K14,AH14),"-") -> 5 | BF14: =IF(AND(L14>0,AI14>0),MIN(L14,AI14),"-") -> 5 | BG14: =IF(COUNTIF(AX14:BF14,"<>-")=9,SUM(AX14:BF14),"-") -> 42 | BH14: =IF(AND(N14>0,AK14>0),MIN(N14,AK14),"-") -> 5 | BI14: =IF(AND(O14>0,AL14>0),MIN(O14,AL14),"-") -> 5 | BJ14: =IF(AND(P14>0,AM14>0),MIN(P14,AM14),"-") -> 4 | BK14: =IF(AND(Q14>0,AN14>0),MIN(Q14,AN14),"-") -> 6 | BL14: =IF(AND(R14>0,AO14>0),MIN(R14,AO14),"-") -> 3 | BM14: =IF(AND(S14>0,AP14>0),MIN(S14,AP14),"-") -> 6 | BN14: =IF(AND(T14>0,AQ14>0),MIN(T14,AQ14),"-") -> 5 | BO14: =IF(AND(U14>0,AR14>0),MIN(U14,AR14),"-") -> 6 | BP14: =IF(AND(V14>0,AS14>0),MIN(V14,AS14),"-") -> 5 | BQ14: =IF(COUNTIF(BH14:BP14,"<>-")=9,SUM(BH14:BP14),"-") -> 45 | BR14: =BG14 -> 42 | BS14: =IF(COUNTIF(BQ14:BR14,"<>-")=2,SUM(BQ14:BR14),"-") -> 87 | BT14: =IF(ISNUMBER(BS14),BS14-(C14*Rules!$P$9/100),"-") -> 82 | BU14: =RANK($BT14,$BT$5:$BT$106,1)+COUNTIF(BT$5:BT14,BT14)-1 -> 5 | BV14: =RANK(BT14,$BT$5:$BT$215,1) -> 5 | BW14: =B14 -> KAREN STOTT | BX14: =C14 -> 20 | BY14: =BT14 -> 82 | CC14: 10 | CD14: =VLOOKUP(CC14,$BV$5:BY$215,1,FALSE) -> 10 | CE14: =VLOOKUP(CC14,$BV$5:BY$215,2,FALSE) -> SHAY BROEDELET | CF14: =VLOOKUP(CC14,$BV$5:BY$215,4,FALSE) -> 88 | CL14: 1
A15: 11 | B15: ='C Div'!A15 & " " & 'C Div'!B15 -> JUDY VAN DER VEEN | C15: ='C Div'!E15 -> 22 | D15: 5 | E15: 4 | F15: 5 | G15: 7 | H15: 5 | I15: 4 | J15: 6 | K15: 5 | L15: 4 | M15: =IF(COUNTIF(D15:L15,"<>"&"")=9,SUM(D15:L15),"-") -> 45 | N15: 7 | O15: 5 | P15: 4 | Q15: 6 | R15: 5 | S15: 6 | T15: 6 | U15: 6 | V15: 5 | W15: =IF(COUNTIF(N15:V15,"<>"&"")=9,SUM(N15:V15),"-") -> 50 | X15: =IF(AND(ISNUMBER(M15),ISNUMBER(W15)),M15+W15,"-") -> 95 | Y15: =IF(ISNUMBER(X15),X15-C15,"-") -> 73 | AA15: 5 | AB15: 3 | AC15: 7 | AD15: 5 | AE15: 6 | AF15: 3 | AG15: 7 | AH15: 6 | AI15: 5 | AJ15: =IF(COUNTIF(AA15:AI15,"<>"&"")=9,SUM(AA15:AI15),"-") -> 47 | AK15: 7 | AL15: 5 | AM15: 5 | AN15: 5 | AO15: 3 | AP15: 5 | AQ15: 5 | AR15: 7 | AS15: 6 | AT15: =IF(COUNTIF(AK15:AS15,"<>"&"")=9,SUM(AK15:AS15),"-") -> 48 | AU15: =IF(AND(ISNUMBER(AJ15),ISNUMBER(AT15)),AJ15+AT15,"-") -> 95 | AV15: =IF(ISNUMBER(AU15),AU15-C15,"-") -> 73 | AX15: =IF(AND(D15>0,AA15>0),MIN(D15,AA15),"-") -> 5 | AY15: =IF(AND(E15>0,AB15>0),MIN(E15,AB15),"-") -> 3 | AZ15: =IF(AND(F15>0,AC15>0),MIN(F15,AC15),"-") -> 5 | BA15: =IF(AND(G15>0,AD15>0),MIN(G15,AD15),"-") -> 5 | BB15: =IF(AND(H15>0,AE15>0),MIN(H15,AE15),"-") -> 5 | BC15: =IF(AND(I15>0,AF15>0),MIN(I15,AF15),"-") -> 3 | BD15: =IF(AND(J15>0,AG15>0),MIN(J15,AG15),"-") -> 6 | BE15: =IF(AND(K15>0,AH15>0),MIN(K15,AH15),"-") -> 5 | BF15: =IF(AND(L15>0,AI15>0),MIN(L15,AI15),"-") -> 4 | BG15: =IF(COUNTIF(AX15:BF15,"<>-")=9,SUM(AX15:BF15),"-") -> 41 | BH15: =IF(AND(N15>0,AK15>0),MIN(N15,AK15),"-") -> 7 | BI15: =IF(AND(O15>0,AL15>0),MIN(O15,AL15),"-") -> 5 | BJ15: =IF(AND(P15>0,AM15>0),MIN(P15,AM15),"-") -> 4 | BK15: =IF(AND(Q15>0,AN15>0),MIN(Q15,AN15),"-") -> 5 | BL15: =IF(AND(R15>0,AO15>0),MIN(R15,AO15),"-") -> 3 | BM15: =IF(AND(S15>0,AP15>0),MIN(S15,AP15),"-") -> 5 | BN15: =IF(AND(T15>0,AQ15>0),MIN(T15,AQ15),"-") -> 5 | BO15: =IF(AND(U15>0,AR15>0),MIN(U15,AR15),"-") -> 6 | BP15: =IF(AND(V15>0,AS15>0),MIN(V15,AS15),"-") -> 5 | BQ15: =IF(COUNTIF(BH15:BP15,"<>-")=9,SUM(BH15:BP15),"-") -> 45 | BR15: =BG15 -> 41 | BS15: =IF(COUNTIF(BQ15:BR15,"<>-")=2,SUM(BQ15:BR15),"-") -> 86 | BT15: =IF(ISNUMBER(BS15),BS15-(C15*Rules!$P$9/100),"-") -> 80.5 | BU15: =RANK($BT15,$BT$5:$BT$106,1)+COUNTIF(BT$5:BT15,BT15)-1 -> 3 | BV15: =RANK(BT15,$BT$5:$BT$215,1) -> 3 | BW15: =B15 -> JUDY VAN DER VEEN | BX15: =C15 -> 22 | BY15: =BT15 -> 80.5 | CC15: 11 | CD15: =VLOOKUP(CC15,$BV$5:BY$215,1,FALSE) -> 11 | CE15: =VLOOKUP(CC15,$BV$5:BY$215,2,FALSE) -> RENE LADELL | CF15: =VLOOKUP(CC15,$BV$5:BY$215,4,FALSE) -> 97 | CL15: 1
A16: 12 | B16: ='C Div'!A16 & " " & 'C Div'!B16 | C16: ='C Div'!E16 -> - | M16: =IF(COUNTIF(D16:L16,"<>"&"")=9,SUM(D16:L16),"-") -> - | W16: =IF(COUNTIF(N16:V16,"<>"&"")=9,SUM(N16:V16),"-") -> - | X16: =IF(AND(ISNUMBER(M16),ISNUMBER(W16)),M16+W16,"-") -> - | Y16: =IF(ISNUMBER(X16),X16-C16,"-") -> - | AJ16: =IF(COUNTIF(AA16:AI16,"<>"&"")=9,SUM(AA16:AI16),"-") -> - | AT16: =IF(COUNTIF(AK16:AS16,"<>"&"")=9,SUM(AK16:AS16),"-") -> - | AU16: =IF(AND(ISNUMBER(AJ16),ISNUMBER(AT16)),AJ16+AT16,"-") -> - | AV16: =IF(ISNUMBER(AU16),AU16-C16,"-") -> - | AX16: =IF(AND(D16>0,AA16>0),MIN(D16,AA16),"-") -> - | AY16: =IF(AND(E16>0,AB16>0),MIN(E16,AB16),"-") -> - | AZ16: =IF(AND(F16>0,AC16>0),MIN(F16,AC16),"-") -> - | BA16: =IF(AND(G16>0,AD16>0),MIN(G16,AD16),"-") -> - | BB16: =IF(AND(H16>0,AE16>0),MIN(H16,AE16),"-") -> - | BC16: =IF(AND(I16>0,AF16>0),MIN(I16,AF16),"-") -> - | BD16: =IF(AND(J16>0,AG16>0),MIN(J16,AG16),"-") -> - | BE16: =IF(AND(K16>0,AH16>0),MIN(K16,AH16),"-") -> - | BF16: =IF(AND(L16>0,AI16>0),MIN(L16,AI16),"-") -> - | BG16: =IF(COUNTIF(AX16:BF16,"<>-")=9,SUM(AX16:BF16),"-") -> - | BH16: =IF(AND(N16>0,AK16>0),MIN(N16,AK16),"-") -> - | BI16: =IF(AND(O16>0,AL16>0),MIN(O16,AL16),"-") -> - | BJ16: =IF(AND(P16>0,AM16>0),MIN(P16,AM16),"-") -> - | BK16: =IF(AND(Q16>0,AN16>0),MIN(Q16,AN16),"-") -> - | BL16: =IF(AND(R16>0,AO16>0),MIN(R16,AO16),"-") -> - | BM16: =IF(AND(S16>0,AP16>0),MIN(S16,AP16),"-") -> - | BN16: =IF(AND(T16>0,AQ16>0),MIN(T16,AQ16),"-") -> - | BO16: =IF(AND(U16>0,AR16>0),MIN(U16,AR16),"-") -> - | BP16: =IF(AND(V16>0,AS16>0),MIN(V16,AS16),"-") -> - | BQ16: =IF(COUNTIF(BH16:BP16,"<>-")=9,SUM(BH16:BP16),"-") -> - | BR16: =BG16 -> - | BS16: =IF(COUNTIF(BQ16:BR16,"<>-")=2,SUM(BQ16:BR16),"-") -> - | BT16: =IF(ISNUMBER(BS16),BS16-(C16*Rules!$P$9/100),"-") -> - | BU16: =RANK($BT16,$BT$5:$BT$106,1)+COUNTIF(BT$5:BT16,BT16)-1 -> #VALUE! | BV16: =RANK(BT16,$BT$5:$BT$215,1) -> #VALUE! | BW16: =B16 | BX16: =C16 -> - | BY16: =BT16 -> - | CC16: 12 | CD16: =VLOOKUP(CC16,$BV$5:BY$215,1,FALSE) -> #N/A | CE16: =VLOOKUP(CC16,$BV$5:BY$215,2,FALSE) -> #N/A | CF16: =VLOOKUP(CC16,$BV$5:BY$215,4,FALSE) -> #N/A | CL16: 1
A17: 13 | B17: ='C Div'!A17 & " " & 'C Div'!B17 | C17: ='C Div'!E17 -> - | M17: =IF(COUNTIF(D17:L17,"<>"&"")=9,SUM(D17:L17),"-") -> - | W17: =IF(COUNTIF(N17:V17,"<>"&"")=9,SUM(N17:V17),"-") -> - | X17: =IF(AND(ISNUMBER(M17),ISNUMBER(W17)),M17+W17,"-") -> - | Y17: =IF(ISNUMBER(X17),X17-C17,"-") -> - | AJ17: =IF(COUNTIF(AA17:AI17,"<>"&"")=9,SUM(AA17:AI17),"-") -> - | AT17: =IF(COUNTIF(AK17:AS17,"<>"&"")=9,SUM(AK17:AS17),"-") -> - | AU17: =IF(AND(ISNUMBER(AJ17),ISNUMBER(AT17)),AJ17+AT17,"-") -> - | AV17: =IF(ISNUMBER(AU17),AU17-C17,"-") -> - | AX17: =IF(AND(D17>0,AA17>0),MIN(D17,AA17),"-") -> - | AY17: =IF(AND(E17>0,AB17>0),MIN(E17,AB17),"-") -> - | AZ17: =IF(AND(F17>0,AC17>0),MIN(F17,AC17),"-") -> - | BA17: =IF(AND(G17>0,AD17>0),MIN(G17,AD17),"-") -> - | BB17: =IF(AND(H17>0,AE17>0),MIN(H17,AE17),"-") -> - | BC17: =IF(AND(I17>0,AF17>0),MIN(I17,AF17),"-") -> - | BD17: =IF(AND(J17>0,AG17>0),MIN(J17,AG17),"-") -> - | BE17: =IF(AND(K17>0,AH17>0),MIN(K17,AH17),"-") -> - | BF17: =IF(AND(L17>0,AI17>0),MIN(L17,AI17),"-") -> - | BG17: =IF(COUNTIF(AX17:BF17,"<>-")=9,SUM(AX17:BF17),"-") -> - | BH17: =IF(AND(N17>0,AK17>0),MIN(N17,AK17),"-") -> - | BI17: =IF(AND(O17>0,AL17>0),MIN(O17,AL17),"-") -> - | BJ17: =IF(AND(P17>0,AM17>0),MIN(P17,AM17),"-") -> - | BK17: =IF(AND(Q17>0,AN17>0),MIN(Q17,AN17),"-") -> - | BL17: =IF(AND(R17>0,AO17>0),MIN(R17,AO17),"-") -> - | BM17: =IF(AND(S17>0,AP17>0),MIN(S17,AP17),"-") -> - | BN17: =IF(AND(T17>0,AQ17>0),MIN(T17,AQ17),"-") -> - | BO17: =IF(AND(U17>0,AR17>0),MIN(U17,AR17),"-") -> - | BP17: =IF(AND(V17>0,AS17>0),MIN(V17,AS17),"-") -> - | BQ17: =IF(COUNTIF(BH17:BP17,"<>-")=9,SUM(BH17:BP17),"-") -> - | BR17: =BG17 -> - | BS17: =IF(COUNTIF(BQ17:BR17,"<>-")=2,SUM(BQ17:BR17),"-") -> - | BT17: =IF(ISNUMBER(BS17),BS17-(C17*Rules!$P$9/100),"-") -> - | BU17: =RANK($BT17,$BT$5:$BT$106,1)+COUNTIF(BT$5:BT17,BT17)-1 -> #VALUE! | BV17: =RANK(BT17,$BT$5:$BT$215,1) -> #VALUE! | BW17: =B17 | BX17: =C17 -> - | BY17: =BT17 -> - | CC17: 13 | CD17: =VLOOKUP(CC17,$BV$5:BY$215,1,FALSE) -> #N/A | CE17: =VLOOKUP(CC17,$BV$5:BY$215,2,FALSE) -> #N/A | CF17: =VLOOKUP(CC17,$BV$5:BY$215,4,FALSE) -> #N/A | CL17: 1
A18: 14 | B18: ='C Div'!A18 & " " & 'C Div'!B18 | C18: ='C Div'!E18 -> - | M18: =IF(COUNTIF(D18:L18,"<>"&"")=9,SUM(D18:L18),"-") -> - | W18: =IF(COUNTIF(N18:V18,"<>"&"")=9,SUM(N18:V18),"-") -> - | X18: =IF(AND(ISNUMBER(M18),ISNUMBER(W18)),M18+W18,"-") -> - | Y18: =IF(ISNUMBER(X18),X18-C18,"-") -> - | AJ18: =IF(COUNTIF(AA18:AI18,"<>"&"")=9,SUM(AA18:AI18),"-") -> - | AT18: =IF(COUNTIF(AK18:AS18,"<>"&"")=9,SUM(AK18:AS18),"-") -> - | AU18: =IF(AND(ISNUMBER(AJ18),ISNUMBER(AT18)),AJ18+AT18,"-") -> - | AV18: =IF(ISNUMBER(AU18),AU18-C18,"-") -> - | AX18: =IF(AND(D18>0,AA18>0),MIN(D18,AA18),"-") -> - | AY18: =IF(AND(E18>0,AB18>0),MIN(E18,AB18),"-") -> - | AZ18: =IF(AND(F18>0,AC18>0),MIN(F18,AC18),"-") -> - | BA18: =IF(AND(G18>0,AD18>0),MIN(G18,AD18),"-") -> - | BB18: =IF(AND(H18>0,AE18>0),MIN(H18,AE18),"-") -> - | BC18: =IF(AND(I18>0,AF18>0),MIN(I18,AF18),"-") -> - | BD18: =IF(AND(J18>0,AG18>0),MIN(J18,AG18),"-") -> - | BE18: =IF(AND(K18>0,AH18>0),MIN(K18,AH18),"-") -> - | BF18: =IF(AND(L18>0,AI18>0),MIN(L18,AI18),"-") -> - | BG18: =IF(COUNTIF(AX18:BF18,"<>-")=9,SUM(AX18:BF18),"-") -> - | BH18: =IF(AND(N18>0,AK18>0),MIN(N18,AK18),"-") -> - | BI18: =IF(AND(O18>0,AL18>0),MIN(O18,AL18),"-") -> - | BJ18: =IF(AND(P18>0,AM18>0),MIN(P18,AM18),"-") -> - | BK18: =IF(AND(Q18>0,AN18>0),MIN(Q18,AN18),"-") -> - | BL18: =IF(AND(R18>0,AO18>0),MIN(R18,AO18),"-") -> - | BM18: =IF(AND(S18>0,AP18>0),MIN(S18,AP18),"-") -> - | BN18: =IF(AND(T18>0,AQ18>0),MIN(T18,AQ18),"-") -> - | BO18: =IF(AND(U18>0,AR18>0),MIN(U18,AR18),"-") -> - | BP18: =IF(AND(V18>0,AS18>0),MIN(V18,AS18),"-") -> - | BQ18: =IF(COUNTIF(BH18:BP18,"<>-")=9,SUM(BH18:BP18),"-") -> - | BR18: =BG18 -> - | BS18: =IF(COUNTIF(BQ18:BR18,"<>-")=2,SUM(BQ18:BR18),"-") -> - | BT18: =IF(ISNUMBER(BS18),BS18-(C18*Rules!$P$9/100),"-") -> - | BU18: =RANK($BT18,$BT$5:$BT$106,1)+COUNTIF(BT$5:BT18,BT18)-1 -> #VALUE! | BV18: =RANK(BT18,$BT$5:$BT$215,1) -> #VALUE! | BW18: =B18 | BX18: =C18 -> - | BY18: =BT18 -> - | CC18: 14 | CD18: =VLOOKUP(CC18,$BV$5:BY$215,1,FALSE) -> #N/A | CE18: =VLOOKUP(CC18,$BV$5:BY$215,2,FALSE) -> #N/A | CF18: =VLOOKUP(CC18,$BV$5:BY$215,4,FALSE) -> #N/A | CL18: 1
A19: 15 | B19: ='C Div'!A19 & " " & 'C Div'!B19 | C19: ='C Div'!E19 -> - | M19: =IF(COUNTIF(D19:L19,"<>"&"")=9,SUM(D19:L19),"-") -> - | W19: =IF(COUNTIF(N19:V19,"<>"&"")=9,SUM(N19:V19),"-") -> - | X19: =IF(AND(ISNUMBER(M19),ISNUMBER(W19)),M19+W19,"-") -> - | Y19: =IF(ISNUMBER(X19),X19-C19,"-") -> - | AJ19: =IF(COUNTIF(AA19:AI19,"<>"&"")=9,SUM(AA19:AI19),"-") -> - | AT19: =IF(COUNTIF(AK19:AS19,"<>"&"")=9,SUM(AK19:AS19),"-") -> - | AU19: =IF(AND(ISNUMBER(AJ19),ISNUMBER(AT19)),AJ19+AT19,"-") -> - | AV19: =IF(ISNUMBER(AU19),AU19-C19,"-") -> - | AX19: =IF(AND(D19>0,AA19>0),MIN(D19,AA19),"-") -> - | AY19: =IF(AND(E19>0,AB19>0),MIN(E19,AB19),"-") -> - | AZ19: =IF(AND(F19>0,AC19>0),MIN(F19,AC19),"-") -> - | BA19: =IF(AND(G19>0,AD19>0),MIN(G19,AD19),"-") -> - | BB19: =IF(AND(H19>0,AE19>0),MIN(H19,AE19),"-") -> - | BC19: =IF(AND(I19>0,AF19>0),MIN(I19,AF19),"-") -> - | BD19: =IF(AND(J19>0,AG19>0),MIN(J19,AG19),"-") -> - | BE19: =IF(AND(K19>0,AH19>0),MIN(K19,AH19),"-") -> - | BF19: =IF(AND(L19>0,AI19>0),MIN(L19,AI19),"-") -> - | BG19: =IF(COUNTIF(AX19:BF19,"<>-")=9,SUM(AX19:BF19),"-") -> - | BH19: =IF(AND(N19>0,AK19>0),MIN(N19,AK19),"-") -> - | BI19: =IF(AND(O19>0,AL19>0),MIN(O19,AL19),"-") -> - | BJ19: =IF(AND(P19>0,AM19>0),MIN(P19,AM19),"-") -> - | BK19: =IF(AND(Q19>0,AN19>0),MIN(Q19,AN19),"-") -> - | BL19: =IF(AND(R19>0,AO19>0),MIN(R19,AO19),"-") -> - | BM19: =IF(AND(S19>0,AP19>0),MIN(S19,AP19),"-") -> - | BN19: =IF(AND(T19>0,AQ19>0),MIN(T19,AQ19),"-") -> - | BO19: =IF(AND(U19>0,AR19>0),MIN(U19,AR19),"-") -> - | BP19: =IF(AND(V19>0,AS19>0),MIN(V19,AS19),"-") -> - | BQ19: =IF(COUNTIF(BH19:BP19,"<>-")=9,SUM(BH19:BP19),"-") -> - | BR19: =BG19 -> - | BS19: =IF(COUNTIF(BQ19:BR19,"<>-")=2,SUM(BQ19:BR19),"-") -> - | BT19: =IF(ISNUMBER(BS19),BS19-(C19*Rules!$P$9/100),"-") -> - | BU19: =RANK($BT19,$BT$5:$BT$106,1)+COUNTIF(BT$5:BT19,BT19)-1 -> #VALUE! | BV19: =RANK(BT19,$BT$5:$BT$215,1) -> #VALUE! | BW19: =B19 | BX19: =C19 -> - | BY19: =BT19 -> - | CC19: 15 | CD19: =VLOOKUP(CC19,$BV$5:BY$215,1,FALSE) -> #N/A | CE19: =VLOOKUP(CC19,$BV$5:BY$215,2,FALSE) -> #N/A | CF19: =VLOOKUP(CC19,$BV$5:BY$215,4,FALSE) -> #N/A | CL19: 1
